age,income,experience,education,department,satisfaction_score,performance_rating,salary,promoted
39,70990.33154879004,5.299286900102474,Master,Marketing,8.724973886028323,Average,79745.8085200665,0
33,63869.50524369153,7.421925317137928,PhD,Engineering,5.172598669091048,Good,82748.58796100083,0
41,50894.45554880261,4.830320316000154,High School,Finance,8.058441693760452,Average,66153.53507356983,0
50,40295.94833441639,6.768153881443839,PhD,Sales,9.521921767069212,Average,55247.52190859734,0
32,60473.34970420385,0.42554133218485735,Bachelor,HR,3.476531012392612,Average,59627.87643288277,0
32,55902.28078132625,8.853174829491754,Bachelor,Finance,4.581643117426815,Average,73401.94441626391,0
50,63427.89830041598,8.004821901448897,High School,Finance,9.383310933370126,Good,79535.54018620192,1
42,59527.57702522954,4.7316454757272375,High School,Finance,4.044078705855563,Good,64978.71777735984,0
30,65743.29072979002,8.0,Bachelor,Sales,9.224886612896167,Good,89911.89932010543,1
40,41971.47182659148,11.750280550506233,Bachelor,Marketing,9.829403760290191,Average,67772.24454690627,0
30,69760.91098451489,1.5697605425241035,High School,Sales,6.956296557169822,Excellent,80602.63826844646,1
30,52963.994070386,4.9491008857351435,Bachelor,Marketing,8.352012605537514,Poor,69138.94474329866,0
37,81128.91308937898,4.923430600850807,High School,Finance,7.745910077989767,Good,87547.39970312995,1
22,39662.18272865648,0.0,Bachelor,Finance,7.295808318539714,Excellent,52244.449792330386,1
22,76039.45704747873,0.0,Bachelor,HR,3.762379656831093,Good,93920.48886746036,0
29,52968.66175193972,7.0,Master,Marketing,1.5138490411714933,Good,70897.71314646155,0
24,40228.72994578327,2.0,Master,Finance,4.087465592676855,Excellent,51529.540221497846,1
38,42741.71248918518,0.0,Bachelor,Engineering,7.0024238668351595,Average,37594.547457053224,0
25,45194.7903770852,3.0,Bachelor,HR,1.9227627840502124,Good,67678.36133224603,0
22,56362.48919602875,0.0,Bachelor,Sales,,Good,49075.58639643027,0
49,57842.5323205325,8.239730521065313,Master,HR,2.257231353426448,Average,65567.11549063699,0
32,41394.49994092131,9.109507751832767,Bachelor,Engineering,7.441623337697158,Excellent,58726.05602571543,1
35,49634.68111608526,13.0,High School,Marketing,9.755143314907995,Excellent,76932.15871596868,1
22,82134.05537917795,0.0,High School,Sales,9.847582296533384,Good,85816.89833543412,1
29,75913.14755151067,0.0,Bachelor,Sales,5.445812342261691,Average,59859.86881135608,0
36,56544.85504511048,8.73539817901478,Bachelor,Marketing,8.824170708931128,Poor,69926.19219244752,0
23,50570.05217252301,1.0,Master,HR,7.631438101763536,Good,82930.1882607968,1
38,51800.46990077392,12.955785411757748,High School,Finance,5.509362132861431,Poor,80620.94957743122,0
28,59202.769590956246,6.0,Bachelor,HR,6.154844796595781,Good,76798.92932517355,0
32,34658.111522023915,6.033455257471811,Master,Engineering,2.2350443195518395,Good,52509.19094215248,0
28,46139.35193864982,6.0,Master,Finance,9.438953145549329,Good,70583.31782904448,1
53,24971.238891836158,4.105815201182125,Bachelor,HR,4.1673679365859915,Good,29445.591024409343,0
34,55988.34683907919,9.905431077424877,Bachelor,Marketing,5.0153433081145256,Good,74396.69872687086,0
24,59707.939095541115,2.0,Bachelor,Engineering,7.044942078981089,Average,72737.36958283486,0
43,42752.20306550939,12.24083962999552,Master,Engineering,4.0051222437389855,Average,66693.18737354335,0
22,73609.80144935049,0.0,High School,Engineering,3.2883324489003747,Good,117247.5848567458,0
37,31613.515054964882,9.569663868715068,Master,Finance,6.6794445394319855,Good,54179.29321594986,0
22,28034.376796852695,0.0,Bachelor,Sales,1.224856740536645,Good,46972.71442078831,0
22,53366.77727839958,0.0,Bachelor,Finance,7.48652600824011,Good,67647.75656186866,1
36,65706.47453918232,0.923696380443527,High School,HR,5.626210328888588,Excellent,74284.36627264068,1
42,75258.91537186803,5.221147475643767,Bachelor,Sales,6.45178357468841,Average,84734.68919091571,0
36,43116.7360569659,6.362870247547584,Bachelor,HR,6.686921433221966,Poor,63200.40196491054,0
33,,5.90364640826163,High School,Sales,5.7434514084330734,Average,,0
31,49422.372957489395,8.609419488134888,Bachelor,Finance,6.242803996966623,Good,70177.36880278056,0
22,,0.0,PhD,Engineering,7.154093808008871,Good,,1
27,63254.89906230009,5.0,Bachelor,Marketing,,Excellent,87256.00625798984,1
30,59784.84317620129,8.0,Master,Engineering,7.547071521575084,Good,76878.44463326773,1
45,26354.11764523626,7.962798715445542,High School,Finance,8.826548119590356,Excellent,48724.03220215886,1
38,72148.10524588844,6.688421133948329,Bachelor,Sales,2.7049908985066247,Excellent,84859.93169413478,1
22,70701.37031221177,0.0,High School,Engineering,4.610331725426178,Poor,81338.4343705528,0
38,40616.55947735706,11.300393058670538,Bachelor,Finance,9.530164594130113,Good,73932.38086762269,1
31,55937.05300156114,4.531479137156399,Master,HR,4.569315169476967,Good,62651.18895418825,0
28,57410.45279424108,5.367534043698973,Bachelor,Marketing,2.123830692153304,Average,68939.30113632674,0
41,53910.10648735861,6.785095884893341,High School,Engineering,5.729006137259616,Good,73260.33160440093,0
45,41745.422692318694,2.6165163061071404,Bachelor,Sales,1.9854187529901595,Good,43935.98578587697,0
44,39925.64948092923,4.722968561114008,Bachelor,HR,2.825679148550787,Average,44332.247037046596,0
26,49616.688935128324,4.0,Bachelor,Finance,9.98486880913861,Good,63075.60843064522,1
31,67590.93528889047,9.0,Master,Marketing,5.872263745565188,Good,81620.66674503034,0
38,58154.002318916486,9.0502453160077,Master,Sales,3.5565255013638613,Poor,74814.9625665923,0
44,44440.78501870841,8.774359645470177,Bachelor,Finance,9.952974591165155,Good,63214.69763122579,1
30,61575.48065972517,8.0,Bachelor,Finance,9.699030266996289,Average,83032.90487294312,0
33,7271.8606905488705,7.450512846402414,High School,Engineering,4.966651369758372,Good,14455.631667424961,0
23,67231.48550558156,1.0,High School,Engineering,3.343627979091176,Average,94326.09408603274,0
23,23904.293318328506,1.0,Bachelor,Sales,8.545596742829709,Excellent,39596.21006461441,1
43,44563.38587895302,9.061449397598514,Bachelor,Finance,7.4405864527460714,Good,69842.04526295875,1
48,33204.95158060784,5.668965369553671,Bachelor,Engineering,7.182472915031593,Average,43242.70106881296,0
34,30579.777864186413,0.0,Bachelor,Marketing,9.038023671902254,Good,22669.180689521163,1
45,67412.4018106778,7.462883351254783,High School,Marketing,7.2047542048419215,Good,83684.07311446317,1
38,42984.48198032163,13.69099254439976,Bachelor,Finance,3.5541814873739423,Good,69287.53143748005,0
28,55197.55822596073,6.0,High School,Engineering,7.244768456881591,Good,72718.47415393668,1
38,49296.19131681224,11.861589938364682,High School,Sales,3.7523216015529757,Good,80368.29248747909,0
50,57155.612408346824,12.94452288722487,Master,Sales,7.833150816912956,Average,79933.30706832658,0
34,51152.32836590383,8.35463036384575,High School,Sales,6.577730690424094,Poor,58660.25716961749,0
50,30755.116637171457,8.789262829622382,Bachelor,Marketing,1.6967039678627551,Good,54974.47256620288,0
22,64944.002291707104,0.0,High School,Engineering,5.615518261916279,Good,73481.29704916918,0
43,42593.65125258031,6.735708575891801,Master,Engineering,4.089708722761668,Average,53025.94894128579,0
35,26651.271520103735,10.463084599084567,Bachelor,Marketing,3.957135694590648,Excellent,38750.502783122996,1
32,43578.27258551131,10.0,High School,Sales,6.420306721395315,Average,77914.05551584679,0
35,72511.39685951466,7.442214897276002,Bachelor,Sales,3.900923420224824,Good,80948.42371801822,0
22,62753.32613170239,0.0,Master,Finance,7.992043733843854,Average,75444.05941641935,0
32,44770.21798388211,8.002111835426389,PhD,HR,1.63712292410057,Poor,65337.54326743709,0
38,44761.13443522357,10.404826995716459,High School,Engineering,6.943494271562429,Excellent,67679.37309167197,1
49,45175.47423173926,2.2245807354658327,Master,Engineering,8.282753232910672,Average,49326.364142709965,0
29,81151.21975341262,0.0,Master,Engineering,7.055485209283871,Good,70273.44283687763,1
26,55729.0317834733,4.0,Master,HR,5.4750627551799615,Average,63276.11280870421,0
29,56450.624707866045,3.1171502963433655,Bachelor,Finance,9.552763123625631,Good,63623.92699076539,1
44,65454.25181047763,5.967439209410756,Bachelor,HR,3.699446408182572,Excellent,73453.25987936417,1
38,53581.8373853977,7.408878724730114,Bachelor,Sales,1.1725109877248001,Poor,69416.39213485176,0
29,46114.36781268945,6.187006363907947,Master,Sales,4.887904343170968,Excellent,61897.09758458105,1
40,47054.75226372533,13.809870137882982,Bachelor,Engineering,1.2971074231029451,Good,79487.0069684918,0
35,48925.98110878904,9.30697905840928,Bachelor,Marketing,9.585430772737679,Good,61409.04243654418,1
44,49441.66645235238,9.201897438443314,Bachelor,Engineering,2.8892624117324637,Good,78828.69160413378,0
27,60914.4431545547,5.0,Master,Marketing,8.100343215539915,Excellent,85729.49702967257,1
31,50779.18828710949,3.4446675288769235,Master,HR,7.971148748569284,Poor,57659.952576518015,0
31,60989.60115823369,9.0,High School,Sales,2.959560097146402,Average,90750.17837297905,0
22,48789.251298371266,0.0,Master,Marketing,6.591038774321506,Excellent,76010.17586608745,1
37,51179.52785474136,10.68192246896485,Bachelor,HR,1.432710716378052,Good,65349.77228738671,0
37,20026.989732018385,3.712571067839378,Master,Sales,5.352171271334807,Poor,26325.818655240375,0
35,63744.91512053722,1.7849649359357427,Bachelor,Marketing,1.1318241454523807,Good,55422.686693042066,0
32,55197.32713846989,10.0,Bachelor,Engineering,9.290294921627577,Good,78703.70206591024,1
22,64970.15164789478,0.0,Master,Engineering,9.784774217796144,Good,85808.39906630061,1
30,6556.1693270946635,4.391793782569959,High School,Engineering,3.0005448997472675,Average,15143.946315020785,0
31,81325.62057171091,4.5213476749012225,Master,HR,2.872954311367355,Good,87095.64806652181,0
26,47906.15557767239,4.0,Bachelor,Engineering,7.783481589059167,Average,62662.06127204892,0
33,66622.74225106275,3.2423524285306886,Bachelor,Finance,3.2804145894640104,Good,74975.11552518296,0
39,34401.411093117036,14.570691813023853,Bachelor,Sales,9.055689032456606,Excellent,70819.96713874137,1
53,59191.608575938546,4.397517061408525,Bachelor,HR,6.16536222510684,Good,65031.550420088446,0
36,34198.76655239516,10.553567702433533,Bachelor,Engineering,,Average,57506.20160237794,0
37,40643.465589562926,6.685526097004061,High School,Sales,8.49424371714478,Average,46173.79621647079,0
34,78710.4703080018,10.412749724329373,High School,Marketing,5.4406603037205565,Good,101822.03507512312,0
22,47139.7639885498,0.0,High School,Engineering,9.20469622337628,Good,56819.94048291297,1
34,53261.49309769584,7.3488283757108235,PhD,Sales,9.352128130564429,Average,64147.06009610291,0
35,63051.015960331315,8.163676701582885,PhD,Finance,2.488781369155684,Good,75576.55115741643,0
59,57435.22831958907,3.991250176874109,Bachelor,Marketing,1.0209106551873726,Average,63449.67076317224,0
33,52256.28357715365,10.963297381680503,Master,Finance,9.85537846128162,Average,76095.04491897734,0
38,55474.41503699338,5.9471457341136595,Bachelor,Sales,9.155237825147314,Poor,60807.89049924311,0
34,86051.23377857413,7.085600338639925,Bachelor,Finance,1.4990071213345728,Poor,98236.85779801471,0
23,49135.71804449622,1.0,Master,Sales,8.497308375469629,Average,56973.56415763238,0
46,53016.485700724515,0.0,Master,Sales,5.120244393032859,Good,43022.62030770273,0
42,65759.81594011417,7.235888949599324,Bachelor,Finance,3.330654445224777,Excellent,89214.9198476879,1
42,66582.88899436976,17.650461686451663,Master,Sales,8.90871871309237,Good,97616.33496696637,1
25,67805.4545834057,3.0,High School,Engineering,2.770005091512765,Average,86735.10431842245,0
49,59580.95333043777,7.922958481062421,PhD,Sales,9.525699994780602,Average,70535.33054345012,0
22,32854.92630904275,0.0,High School,HR,2.85059338929407,Average,55744.20011106719,0
40,74501.47298451644,8.089863571248186,Bachelor,Sales,6.523148689558692,Average,93445.72627001021,0
56,32804.81910471968,10.18847646070084,Bachelor,HR,3.0077770107607735,Good,48498.81199490315,0
25,54539.531978585495,3.0,Bachelor,Sales,5.911017984717713,Good,66624.18725041459,0
29,38685.86224970963,7.0,High School,Sales,7.155776169236272,Average,64603.929278505,0
35,49037.92480110511,10.861525261764976,Master,Finance,2.712051377381238,Average,72047.24243019256,0
29,54931.436154552204,7.0,High School,Engineering,5.687972044306113,Poor,74954.53591645342,0
22,54820.35823175409,0.0,Bachelor,Engineering,5.221537699511071,Average,70581.08420744704,0
35,56328.81131352927,8.07846663077596,High School,Marketing,1.639336792630071,Good,74174.5750703542,0
24,74205.6690358797,2.0,Bachelor,Finance,8.364770359077726,Average,92863.12277363632,0
39,56803.014522709695,10.367256534965513,Bachelor,Finance,4.021141605785576,Good,86621.30574051624,0
25,46337.65047064027,3.0,Bachelor,Engineering,6.171239777966916,Good,53158.86925689656,0
50,64461.307524325355,5.705592908412396,High School,Finance,5.63305811439821,Excellent,83553.27720542486,1
27,67842.05733386961,5.0,High School,Engineering,5.61934454113398,Excellent,84100.3134519765,1
31,31585.88277294511,9.0,Bachelor,Finance,1.965001547876387,Good,61473.47265501215,0
43,58961.00104774787,3.0435716973843965,Master,Sales,4.811338083243995,Poor,69213.93327566383,0
22,60517.591134663475,0.0,Master,Engineering,5.071300832859132,Good,61626.14253362177,0
37,45536.54744960012,8.659043364946067,High School,Engineering,7.602785563280037,Good,67175.87610298544,1
48,70635.6021996743,8.203550807424072,Bachelor,HR,8.560169487286286,Poor,73504.98453761655,0
22,47749.1661945121,0.0,High School,Finance,5.904840502900162,Good,61535.95184336567,0
36,51883.64680207313,8.975812791634,High School,Finance,1.7810465865849143,Excellent,65214.9583486358,1
37,47403.922635741954,7.107190981460779,Bachelor,Engineering,3.131645235368916,Good,55350.7745368047,0
42,50233.685713722014,13.95945375440833,Bachelor,Sales,2.48440624167458,Poor,77077.81903214392,0
22,33555.87369657197,0.0,High School,Sales,2.1215355687021225,Poor,38677.39170966832,0
22,28399.236761085584,0.0,High School,Sales,4.293093687560268,Good,41284.56055534014,0
40,73917.57594837458,7.58698095940381,High School,Finance,3.0645415193894383,Average,90295.92165318424,0
37,37295.57977522508,1.427244755383331,Master,HR,2.9647280063036106,Good,36821.60196152401,0
37,35129.114758155396,7.2965823822717155,PhD,Engineering,1.4922385711864088,Good,51567.36171182466,0
38,17699.148295944276,14.645880662912074,High School,Marketing,,Average,47612.33809602268,0
28,40415.57378465746,6.0,High School,HR,1.9249141838480361,Excellent,61262.946530705245,1
37,30153.653098887524,8.922803622874733,Master,Marketing,2.5497773148126974,Good,51883.94385929457,0
37,74630.22740204554,2.959340939309679,Master,HR,4.8788535596338285,Average,80701.29135026805,0
27,65147.25634013952,5.0,Bachelor,Sales,5.594682351689602,Good,71730.1000450174,0
53,39677.74482233414,6.499214478704252,High School,Finance,2.26532726356029,Good,49411.42300058225,0
39,83786.53708016463,6.729139612975064,High School,Marketing,4.823050073717677,Good,94495.8695079246,0
23,64726.48230487391,1.0,Bachelor,HR,4.075739580933345,Excellent,89403.30099532277,1
41,45127.529247370665,10.230764242900499,Bachelor,Finance,2.6508127914816044,Good,66929.30987112044,0
25,12508.914276896401,3.0,High School,Marketing,1.061566733335272,Excellent,23193.122572040436,1
42,84364.13858886113,8.98601911372802,Bachelor,Engineering,5.203160798695675,Good,102080.58335124028,0
46,29156.41299854606,9.99288699398714,High School,HR,7.170865743386794,Good,49222.81092602271,1
26,25319.01879564662,4.0,Master,Engineering,3.036496007294263,Excellent,51156.74262881677,1
44,65338.5564801446,14.322162746273495,Bachelor,Sales,2.1862614690701143,Good,91403.3554070299,0
39,86596.28609508909,3.9396232326885254,High School,Engineering,8.983384700022658,Average,89848.57127225137,0
43,70764.09227765776,4.756569955158647,Bachelor,Engineering,3.47522295239018,Good,71500.04270142151,0
53,58458.636800785396,2.969688564341535,Bachelor,HR,,Good,60922.2671390841,0
32,58921.315124979286,7.063920563572075,PhD,Sales,8.713872456489241,Average,75414.88351846236,0
27,62801.23338170462,5.0,Bachelor,Engineering,8.35396389250085,Excellent,79017.54318707745,1
26,61383.92884680148,4.0,High School,Finance,5.035118234721702,Average,84093.56979238459,0
26,54217.87135954064,4.0,Master,Marketing,5.403149752849971,Average,71942.41960746204,0
34,51563.01655927814,6.720609906980624,High School,Engineering,2.959738343506198,Excellent,67607.68385535273,1
38,49061.103081507164,8.607031968994962,Master,Sales,1.7047150343160173,Good,60877.50275866689,0
37,38690.531166999855,4.659428393479908,Bachelor,Engineering,6.16088642820095,Poor,52994.68473622788,0
43,45789.87384699839,16.358154886779094,Bachelor,Marketing,1.885104294311918,Good,84142.934067334,0
35,24605.647787069218,1.5693558915277652,High School,Sales,,Good,22095.110284031947,0
49,48524.90559807875,8.738962315582897,Bachelor,HR,9.464474786617096,Poor,61883.64588103877,0
32,35171.133392736236,10.0,Master,Sales,9.57550950253526,Excellent,73315.43656230431,1
62,33446.160241763435,8.027199378239992,Master,HR,3.1539905789262273,Good,48766.291391966915,0
41,52698.41226730218,7.239843859994022,High School,Sales,6.61702078041089,Good,56079.21025003096,0
26,70880.034295169,4.0,High School,Marketing,5.266686376970719,Good,77022.06338902214,0
24,63774.7490900347,2.0,Master,Marketing,8.881166148274954,Good,77084.76751007303,1
39,26442.490945652346,13.491393898706121,Master,Sales,3.442877778484479,Average,47610.06549164157,0
32,35155.57795144494,0.0,High School,Engineering,1.0333216614917515,Average,31393.563807626673,0
42,64111.567819823234,14.133734805185302,Bachelor,Marketing,2.463050853382736,Good,92541.01849861174,0
39,35262.68909692536,2.3041713901994196,Bachelor,HR,4.145705210524582,Excellent,47182.30489749784,1
34,46630.50275004463,6.933390683062341,Master,HR,3.8414901679343973,Poor,59045.01453503037,0
26,58250.78148536828,4.0,High School,Finance,8.122266272105973,Good,76179.53512084277,1
22,35474.83317704547,0.0,High School,HR,7.125045995249541,Excellent,63327.06014539507,1
30,51580.6325921894,1.6075025924650097,Master,Finance,3.6960068765340752,Average,61967.1861238798,0
43,29989.617576226934,9.848690664327771,High School,Sales,5.119694354495921,Poor,51110.77187181032,0
37,40979.48534073179,15.0,Bachelor,Sales,1.860031935625017,Average,63357.51658783175,0
22,54796.72901213806,0.0,Bachelor,Sales,9.083318003380906,Good,62195.4613024149,1
36,26105.09399702496,8.758824670441582,Bachelor,Engineering,9.418823420036807,Average,48864.74277697582,0
38,56607.121069405985,5.352071288813564,Bachelor,Engineering,9.818231818428442,Good,66905.92811985602,1
26,49705.433016099785,4.0,Bachelor,Finance,8.816975477072539,Good,77835.4500160203,1
36,58287.34931625721,8.076591109663008,High School,HR,2.5656479892660298,Good,78739.69934292052,0
35,53358.712010969924,5.434052363822762,Bachelor,HR,1.4157683488146595,Average,67068.18362437937,0
23,70462.10644960766,1.0,Master,Sales,6.2163705467140655,Good,95796.98828460544,0
38,51878.36753971861,15.217392439146973,Master,Marketing,9.213445241947994,Good,83980.00167431694,1
40,43558.91688312121,7.236384833090805,High School,Engineering,2.5961622549376857,Excellent,45567.63405232605,1
45,51834.46254548425,10.879031768592728,High School,Engineering,1.0633862316172769,Excellent,71096.83132531788,1
45,58149.470435545816,2.826908168515345,High School,Sales,8.249464414290198,Good,69789.12690881577,1
22,50732.901054885566,0.0,Bachelor,Engineering,1.6911611585806061,Good,55043.45333985001,0
25,50608.87536805824,3.0,Bachelor,Sales,4.723354287190274,Average,69270.76306491657,0
40,39470.12468289867,13.93646411414386,Bachelor,Finance,7.109986034699065,Average,62118.87134167103,0
40,40056.48623673578,9.42245339514264,High School,HR,3.131178269105621,Average,67821.0060030299,0
40,28960.920923004596,6.747767877907383,High School,Marketing,,Good,50863.91896590944,0
65,76243.65114780409,7.997165621693417,Bachelor,HR,7.930191056102458,Average,87818.63791548727,0
40,31342.051469130725,2.99836906412113,Bachelor,HR,6.671575763983373,Average,38075.279599318405,0
46,39606.42203306139,10.418061305421467,High School,Finance,9.896414360381243,Excellent,57040.074405084095,1
44,39223.89101646204,11.529332249293637,Bachelor,Engineering,4.098772299879633,Average,65357.27871020621,0
41,63423.86565416662,6.191638668667679,High School,Marketing,1.5558614766117973,Average,78355.55837771363,0
31,45575.75482561958,6.1198314089619945,Master,Engineering,7.609150318017662,Poor,61873.945501609895,0
42,68716.131090106,9.063512918608193,Master,HR,5.695600769679211,Good,88502.74916586182,0
27,39897.640636341974,5.0,High School,Sales,2.9188353825022157,Good,67080.91377995955,0
32,54184.91243335703,7.73546954149671,High School,HR,8.035560901042835,Average,64516.232691296755,0
30,37469.794201103636,8.0,Bachelor,Engineering,2.8337993726494934,Good,61714.551742253185,0
35,82177.23691660083,7.0118971970160135,High School,HR,3.345954893496429,Good,94235.58030712555,0
58,32186.02371455731,6.566639391915111,Bachelor,Sales,1.8327569893004723,Excellent,37479.36117058619,1
22,54647.31065340541,0.0,Master,Finance,4.59489051127769,Excellent,58004.66485829417,1
41,59506.65321398148,10.976767885999747,Bachelor,Engineering,4.770363015436771,Excellent,76453.61571499115,1
22,56206.986461772474,0.0,Master,HR,5.631056113134686,Good,66146.24854886951,0
30,47220.68511683438,5.402507846714296,Bachelor,Engineering,7.380678404113997,Average,53252.61030051267,0
45,48052.689503998605,13.28521612909205,High School,Finance,9.154908358123832,Poor,77214.21651440977,0
35,50657.17207968664,13.0,Master,HR,2.2396068899902777,Poor,75483.05081036907,0
24,47794.96997557267,2.0,Bachelor,HR,1.4891328851379135,Good,58094.00857530063,0
27,64458.18675192365,0.5338401945575351,Bachelor,Engineering,1.1667811023489996,Excellent,69997.0310135434,1
41,83157.84502387026,12.030054759347689,High School,Engineering,2.2925924026193463,Good,103386.34191865851,0
27,41637.623224882496,5.0,High School,Sales,6.921545372034633,Poor,50837.85512527885,0
37,29452.955306313834,11.162502396651075,PhD,Finance,7.54729370196847,Good,53606.760030080564,1
35,48675.76927473118,0.11958472915265794,High School,Sales,8.0785514217531,Excellent,39207.09972993539,1
28,88695.64006481477,6.0,PhD,HR,3.193373907139084,Good,99911.89122645633,0
56,37944.88148045404,3.155312282876875,PhD,Engineering,3.753053319353679,Excellent,45986.092690196405,1
41,74586.75208166102,10.923056476266098,Master,HR,5.348211810089495,Excellent,98892.9364370277,1
22,75165.51221114662,0.0,Bachelor,HR,1.5686478717420385,Excellent,101600.79742810014,1
36,41696.176374380084,4.184242322413421,Bachelor,Marketing,6.500273708901215,Good,50855.13539854098,0
28,58534.74618777913,6.0,Master,Marketing,9.85361530308182,Good,75377.15427065536,1
43,74425.94934692807,10.745273827826804,High School,HR,4.247256802402023,Average,94939.13378465181,0
27,44313.08388518769,5.0,Bachelor,Engineering,7.775627275822456,Poor,62646.375618034996,0
33,46946.29459846457,10.337651921889936,Bachelor,HR,5.500305240126472,Good,75957.88265099212,0
40,41274.786290770346,15.905762338061942,Bachelor,Marketing,2.1503065992434447,Average,62466.346876266056,0
43,34778.649039607,1.7430335531557946,Bachelor,Engineering,6.240137039223277,Excellent,40332.79743377699,1
22,40260.83682400989,0.0,Bachelor,HR,3.698868415996585,Average,79876.47107414571,0
31,31640.895998566153,8.417423750092851,Bachelor,Finance,1.309628876081124,Excellent,49885.91459479857,1
30,50511.25202388839,4.404863806707487,Master,Finance,,Average,67573.8444534676,0
28,38450.40153412038,2.6787454970440407,High School,HR,8.73039114392255,Average,40661.831780561246,0
52,53506.788676861215,7.243518436891866,Master,Engineering,4.102927902098868,Excellent,67833.58807982638,1
39,26661.56530694559,11.686600447697838,Bachelor,HR,4.512659924914934,Average,50202.38971428421,0
22,54963.20348321686,0.0,Master,HR,9.019195146704904,Average,58854.855123402725,0
44,62502.93442413387,14.04461972098939,Bachelor,Marketing,8.322479320306204,Average,84751.28472686166,0
56,20093.96536142817,2.1952972397937645,Master,Finance,7.434575411965994,Good,19000.18444409577,1
45,55610.848547713584,7.9516442086157815,High School,Marketing,3.239173573778331,Average,75624.46735510779,0
22,68415.03488709938,0.0,Master,Marketing,9.1919498946998,Good,78756.6528602147,1
30,31855.38471963192,8.0,High School,HR,2.389741817852917,Good,52384.62199416433,0
47,75088.58580256555,11.547549560389202,Master,Marketing,6.640934674754996,Good,102304.19940762247,0
27,56285.285140490676,5.0,PhD,Finance,1.2592106249186683,Good,68098.44372743338,0
39,39424.82216362387,0.0,High School,Marketing,6.793478256924512,Good,40600.76965830451,0
42,49163.46383513441,8.795792587185979,High School,Finance,3.4942991668602383,Average,66798.99122266674,0
25,58374.903687825834,3.0,Master,Marketing,5.04709279465348,Excellent,78158.1323388277,1
34,51140.080871186176,9.617179019846791,High School,Finance,4.107380968513478,Average,69046.47574456771,0
22,58081.33988669554,0.0,Master,Marketing,2.554810806215889,Good,87389.84980945491,0
24,36189.89610380951,2.0,High School,Marketing,6.597827110844866,Good,41515.47258355255,0
32,52540.41236054117,10.0,High School,Engineering,8.937779996265467,Excellent,78864.29809013511,1
22,28794.282546425296,0.0,PhD,Finance,9.631758180541631,Good,48673.59694266906,1
51,48331.60907976949,0.8856496639739326,Bachelor,Finance,2.7311172683852356,Average,44608.32713407639,0
22,36441.38537802815,0.0,Master,Finance,7.45635496656676,Good,58435.73376101249,1
30,38967.050861153504,5.983280675969314,Bachelor,Sales,6.979054299451141,Good,50490.89114017707,0
36,68541.39762815656,7.673909307593417,Bachelor,Marketing,4.090400106171153,Average,81619.75916257774,0
49,66369.65180891403,9.390705934153345,Bachelor,Finance,1.1718927941835324,Good,89601.35233959802,0
22,59137.071813607654,0.0,Bachelor,Sales,7.208121225815795,Good,68202.93623026881,1
46,33615.308529911315,5.297167683353553,Bachelor,Engineering,9.5094537450355,Excellent,43208.63762511657,1
35,45253.87325457797,8.136609669952099,Bachelor,Finance,,Good,68523.23234483798,0
25,68196.46549968775,3.0,Bachelor,Finance,4.917634517688707,Average,83194.20971783857,0
39,52125.753704598574,3.656699484459258,High School,Sales,5.726385047004656,Average,67301.14372486873,0
36,84789.94309972541,10.717493131826014,Master,Marketing,2.7966592689392575,Excellent,104814.30047870788,1
28,55899.76759091558,3.4048238593653757,High School,Engineering,7.754897473783638,Excellent,68862.92983456868,1
35,52880.73674735047,10.665250003636848,Bachelor,Finance,7.717778470088641,Average,69466.47261578077,0
31,45363.25303696248,9.0,High School,Marketing,2.3096557034868246,Average,60529.46900618378,0
36,52003.11357173423,1.0967730848376132,Bachelor,Engineering,8.901805442496933,Good,42444.380478287654,1
41,47712.952454291844,5.28974139065738,Master,HR,3.4227076552597473,Average,66656.77624509924,0
50,60621.630150328856,12.77643761218949,High School,HR,,Average,81854.60612932744,0
22,64350.53475191876,0.0,High School,Engineering,4.446127126335212,Average,71868.54760406601,0
56,38210.158092380756,6.14238295076245,High School,Sales,2.6009565286104968,Average,45943.30228426424,0
22,30031.50569663333,0.0,Bachelor,Engineering,4.16548100211087,Good,53203.819084299204,0
33,22456.919403450553,11.0,Master,Engineering,4.961622958274738,Good,42845.87517412461,0
40,57619.86990368816,6.993844455822018,High School,Sales,1.6237699573446536,Average,65083.47436316744,0
37,33449.50090739189,5.609959221233433,Master,Sales,6.203965431009605,Average,46877.73217078906,0
28,17706.64110571276,6.0,Bachelor,Marketing,6.378691958820103,Average,37916.94987524968,0
32,55828.67906796446,10.0,Bachelor,Marketing,7.6503740981452495,Good,81552.84775176764,1
30,87394.99276149186,8.0,Master,Sales,1.2625290306166896,Average,100691.41159461581,0
29,49908.9363269016,7.0,Bachelor,HR,5.871143929904472,Good,59471.69090643376,0
43,62577.36161677463,4.766937113436295,Bachelor,HR,1.4761668994359796,Good,73003.8816922496,0
38,51227.440378213476,4.678222373773739,High School,Engineering,7.310297979699881,Poor,50761.20493524632,0
28,48516.65520213286,6.0,High School,Finance,1.5015518713088603,Poor,61291.039421150344,0
43,63786.14724481653,9.673592883554734,High School,Engineering,9.205550635074694,Poor,83121.48843126197,0
38,45645.88183717023,13.606394371785719,High School,Engineering,7.318743101960469,Good,70140.6361002764,1
43,54010.88471107854,10.601800370144556,Bachelor,Finance,5.566507885766414,Excellent,85174.6686311642,1
41,54825.467092940205,1.987678792960728,Bachelor,Sales,4.9735353095305745,Poor,67970.30740898354,0
26,39978.64319535427,4.0,Bachelor,HR,,Excellent,60054.61182338185,1
29,64880.635243047844,4.007757490742348,High School,Engineering,3.6189945060819677,Average,75681.83831654995,0
42,47375.60364956887,6.464114912190594,High School,Finance,8.820631945188065,Excellent,64050.24625834731,1
41,38663.82260760733,9.000800825006777,Bachelor,Marketing,9.140075304062446,Good,53678.02996749888,1
34,58047.64765355605,12.0,PhD,Engineering,1.0067293753347797,Good,82535.27988933674,0
36,36522.98027313444,14.0,High School,HR,6.347227523297962,Good,77340.83647463704,0
47,50422.717360536924,10.426892236544731,Master,Sales,7.473705481226022,Good,70412.27345955583,1
29,49863.21505033695,7.0,Bachelor,Engineering,6.568722842118457,Excellent,62218.81961572075,1
40,66288.43348747367,10.138022593922202,Bachelor,Engineering,1.735117883797186,Good,88776.0630161405,0
32,57120.47349319929,10.0,Bachelor,Finance,2.95952408919012,Good,76468.068865162,0
32,49624.595618822845,6.7173294977712334,High School,Marketing,3.2530624064324742,Average,57299.26687646959,0
45,62266.494488004304,15.180845423649288,High School,Marketing,8.485521681745807,Average,93173.60018705203,0
43,70853.1132352597,8.920283036765609,Bachelor,Sales,5.168794926780285,Excellent,90623.5297716353,1
43,58367.154595277934,9.990972356365576,Bachelor,HR,5.381453907471132,Good,72465.87458850881,0
48,,10.663697008217845,Master,Sales,9.414037418990578,Good,,1
35,30322.456514747606,9.686346442457822,Bachelor,Engineering,6.733772999692439,Good,40842.74371078286,0
41,34023.29505386941,11.35576200187845,High School,Engineering,9.088009313973975,Excellent,53844.251764048095,1
31,45421.629434679984,5.530987253812308,Master,Marketing,5.108579698073797,Good,55193.56126131656,0
38,40857.31696761075,5.766792984215877,High School,HR,2.3449263266646483,Good,49209.78437278286,0
33,47195.43045521831,3.5993830681132204,Bachelor,Finance,9.369420346666772,Good,51568.89422368879,1
35,50849.74887345661,9.758004922480906,Bachelor,HR,5.128346041007844,Average,79721.13112995899,0
40,57945.391315350964,11.115746014048456,Master,Engineering,2.634682796909397,Average,75922.46289825338,0
26,48942.518329113635,4.0,Master,Finance,3.7215616627353003,Excellent,80810.80987068829,1
55,57297.52465739303,14.69796973339015,Bachelor,HR,1.45722330720048,Average,88879.09802282859,0
24,50967.1162221518,2.0,Bachelor,HR,5.2147053231074665,Excellent,67382.6237580794,1
22,20368.00150469193,0.0,Master,Finance,8.67815354719213,Poor,44099.13651637035,0
46,35909.96909271869,3.6331964954427427,High School,Engineering,9.402224104060204,Poor,55826.00082986394,0
42,47838.686664175766,6.451601190102396,High School,HR,9.393419867532794,Excellent,55773.92402472332,1
41,31854.578857383385,10.78215103026311,High School,Finance,2.127070230658721,Good,47816.79132322766,0
41,58998.93094994307,11.396408442972575,High School,Engineering,4.438484942599513,Average,78017.41685302861,0
34,72961.26248515546,6.824132209343271,Bachelor,Finance,1.2540588368563572,Good,86770.2426386648,0
26,68281.42777545974,4.0,Bachelor,Finance,8.696488104743256,Good,75079.77813653235,1
35,46798.35693604688,1.9285050132767623,Bachelor,HR,4.228801858191464,Good,50767.06315919344,0
28,72360.89205274929,6.0,High School,Engineering,6.680053251030113,Poor,93972.39411336477,0
44,52230.01185803167,11.561532654079144,Master,HR,,Excellent,76110.11411931385,1
33,44943.71043322941,10.300820064426265,Bachelor,Sales,4.868602027688398,Excellent,64081.92326720555,1
26,40798.960046885906,4.0,Bachelor,Sales,3.757981028952187,Average,57713.48357451744,0
31,45462.95470267808,8.19909474872384,Bachelor,Engineering,9.659916191043502,Excellent,66353.70272288358,1
39,44177.34772188157,8.028252634512706,Bachelor,Finance,9.680394025214689,Excellent,56104.68912471674,1
29,52556.243335632316,5.358715442106211,High School,HR,3.6049273122701972,Good,72505.65382284098,0
26,52408.60971574797,4.0,High School,HR,5.316625870700123,Good,83666.03581594003,0
37,50045.69030230122,9.683891777557559,Master,Engineering,9.755597427940202,Average,70697.22785072528,0
37,56554.072546195246,9.968075391971198,Master,Engineering,1.043815668899529,Average,76432.64788975441,0
29,67859.69412179512,5.895860629329679,Bachelor,Sales,4.714104235412343,Good,84804.71442166227,0
30,64243.312031619855,0.0,High School,Marketing,1.9041179471287157,Excellent,68490.56118378653,1
37,27726.53047325145,12.388610847014782,Bachelor,Engineering,5.582421690063423,Good,48473.79351198393,0
22,11691.182976470678,0.0,Master,Marketing,1.2220295908643843,Good,21227.707662719935,0
22,64014.79866858911,0.0,Master,Engineering,4.662085882515651,Average,66500.85538282766,0
27,29496.819523768685,5.0,High School,Finance,2.986291673068016,Poor,53089.97551075092,0
32,46628.518971609745,6.431949440323482,High School,Finance,5.799775262128668,Good,62825.55726954116,0
38,32448.304609109608,12.239745536186486,Master,Sales,9.963942841906297,Poor,50178.16749217622,0
49,22970.293436299704,10.46802379830679,Bachelor,Sales,8.204824946140729,Good,41630.346508832496,1
43,58121.94092307182,10.73427729280191,High School,Marketing,8.610778824619793,Average,72854.22592076889,0
33,61387.327404539705,2.536177155197863,High School,Engineering,6.717384886231728,Good,61965.682663716245,0
34,41352.34398909921,12.0,Bachelor,HR,1.374038634450327,Average,69802.98117332192,0
24,11134.365617826348,2.0,Master,Sales,2.861179084397297,Good,25556.959534305795,0
34,41806.33327621276,6.522891443015188,PhD,HR,9.325581008023494,Good,53347.986382081646,1
32,55877.060081038195,8.573553869369004,Bachelor,HR,4.2950180613587605,Poor,64887.60918003962,0
38,27816.32646838807,0.8950590684067201,Bachelor,Engineering,1.9327305383271602,Poor,30541.395653824835,0
26,52750.39879668733,4.0,High School,Marketing,7.3216482927958175,Average,71798.25468930945,0
40,49770.35226240507,3.8825139672717137,Bachelor,Engineering,3.6951195154082916,Excellent,53890.58394678268,1
50,58689.37249401632,2.5893188566258623,Bachelor,Sales,3.4197122161375453,Average,62922.93871885567,0
33,51793.705526212296,1.9105632551284355,Bachelor,HR,9.981797100024343,Good,56516.30643898639,1
39,35403.96588677667,12.450753499959701,Bachelor,Engineering,8.723250325239889,Excellent,56231.13214214935,1
41,67948.57252496737,5.482946425228845,High School,Engineering,4.67144036531057,Good,71533.15265541617,0
30,47622.05640459545,8.0,High School,Engineering,9.822350870348492,Average,84919.75024736152,0
37,49590.43190735102,5.856794147790809,Bachelor,Sales,6.851019010772923,Excellent,58137.656679381274,1
35,36000.98061390206,1.170568169628213,High School,Marketing,7.678202066917843,Poor,37858.316437224035,0
35,43350.766232127346,3.5339022402053635,High School,Engineering,1.2836173877399042,Good,55472.76938763964,0
27,36727.95928959649,5.0,PhD,Sales,2.094447334132514,Excellent,80259.72818750441,1
35,47405.809101148654,7.37640728825333,Bachelor,HR,6.697766138466146,Good,55936.19142821099,0
39,75675.62720213515,5.806850814037596,Bachelor,Finance,9.091215843845355,Good,89538.4648988429,1
49,29421.482856029656,8.64007290341115,Master,Sales,6.613693534788361,Average,43163.867236381426,0
44,25796.579031848883,10.00713094467018,PhD,Finance,2.206224048870926,Average,43116.88939830569,0
56,72067.55491240413,12.469595263609843,Bachelor,Engineering,2.041840416216922,Good,93405.68533458987,0
27,46860.14484272201,5.0,Master,Engineering,8.597673062416735,Average,68819.86384286248,0
43,39963.908920101254,6.5609254168436575,Bachelor,Sales,2.253721048371229,Excellent,52879.30294486526,1
36,65598.57031094114,2.695809255671847,Bachelor,Finance,5.682087644536229,Excellent,63617.67538704366,1
56,,6.346139355506896,Bachelor,Engineering,1.3340198796607203,Excellent,,1
26,77390.14570320403,4.0,Bachelor,HR,1.7260279065205963,Good,95747.404436034,0
26,60168.88807008904,4.0,Bachelor,Marketing,7.051134408785783,Good,70570.99152491134,1
29,42681.32887781446,4.171396340419829,Bachelor,Marketing,7.20263269384765,Excellent,48693.17849892301,1
22,82359.62319898256,0.0,High School,Engineering,4.073224659475981,Excellent,99273.90658032289,1
29,40914.27615494993,7.0,Bachelor,Finance,2.9404878871874027,Good,57962.87686822296,0
27,61131.430580139604,5.0,High School,Engineering,8.323392436815771,Average,71573.55338140317,0
36,54489.38870609738,4.966018661199723,Bachelor,Finance,2.9539290652290133,Poor,62631.473856430144,0
38,69526.11934098197,7.078397143176931,Bachelor,HR,5.878243626997417,Good,79384.84605794356,0
53,73422.66795090279,4.303067422926782,Master,Finance,9.71387956776615,Good,77575.95874380128,1
44,50480.0622359865,11.560793644499148,Master,Engineering,2.3306719407614542,Excellent,63052.45832185658,1
29,38698.73194480725,7.0,Master,HR,9.46788640745238,Average,69677.35956999726,0
26,56899.582144086744,0.6152485510476247,Bachelor,Sales,2.6460374776180178,Average,54697.38548041315,0
39,39834.26945371841,4.28195655923036,Master,Marketing,6.106988872209066,Average,54215.06284799687,0
22,80200.80871289935,0.0,Bachelor,Engineering,4.393069407628701,Average,89572.53627915017,0
53,52048.02996624106,5.399904262372408,High School,Engineering,9.684357413516434,Average,56417.839958403405,0
46,44520.17673031837,7.6662481208385564,High School,Engineering,3.461878261017432,Good,54410.61679363126,0
30,52770.204587973625,2.2014191212058796,High School,HR,4.5969220187717825,Good,69975.5576271638,0
22,29793.10565705455,0.0,Bachelor,Sales,9.845741060698785,Good,47172.85686168776,1
48,35425.789422340225,3.984170511674006,Bachelor,Finance,5.8282335206962586,Average,43236.53787904771,0
33,68006.20861916638,8.829069317595776,Master,Sales,5.523671040591282,Average,86951.21278644468,0
47,40146.58581542906,8.277377348145002,High School,HR,3.3200063938359214,Good,53547.10849698313,0
22,34296.3352597709,0.0,High School,Engineering,7.312272042793973,Excellent,46684.198404074574,1
29,58049.79128790929,7.0,PhD,Marketing,1.129356565999999,Poor,71878.4487614121,0
35,67785.56231994496,5.813279661650938,High School,Engineering,1.4456136673206417,Excellent,69250.35282175492,1
35,60784.299659976,6.913379558695787,Bachelor,Finance,6.394227284222224,Average,68003.27984481232,0
30,64940.715287087245,8.0,Bachelor,Marketing,4.075071164366087,Excellent,94433.79574872847,1
41,38648.073671458085,13.361844207161392,Bachelor,Engineering,9.579847349808645,Excellent,59716.42590826793,1
24,28672.839998872343,2.0,High School,Marketing,9.12871621650507,Average,33939.80277888389,0
33,72520.0047793323,11.0,High School,Sales,7.423356328090365,Good,89784.55892520139,1
36,45159.802417367966,11.245586217966368,High School,HR,8.363310230150212,Average,63739.205240790725,0
40,46237.50475317429,3.406946844989527,Bachelor,Engineering,7.00598664700924,Excellent,57317.2249752193,1
42,69922.91212773586,11.275110575019443,Bachelor,Finance,2.1302389243914464,Good,93710.53601597529,0
23,58343.4501410099,1.0,High School,Sales,7.889890327202824,Good,86598.58338174359,1
22,56838.31658122411,0.0,Bachelor,Engineering,2.8917277184696175,Good,68252.77799662206,0
47,82475.03517351625,4.329988715942946,Master,Sales,3.910985695901771,Excellent,93538.0555721389,1
38,40347.22654429785,12.07064586737401,High School,Finance,8.373107908921781,Average,71721.3347353027,0
27,63917.60192121856,5.0,Bachelor,Engineering,5.828730475541034,Good,79790.26809624804,0
50,50855.19687345627,10.205905100958093,Bachelor,Finance,8.739466427650683,Average,69118.83218273491,0
36,,9.362356865601987,High School,Marketing,2.917317878589378,Average,,0
46,72927.02639618798,9.562783683712576,Bachelor,Finance,6.470005947461985,Good,89907.69017675104,0
35,57617.53634434436,2.694111486755668,Bachelor,Marketing,1.7541187529343545,Average,67829.60878936792,0
55,58074.441185744494,12.189270826485792,Master,Engineering,6.787548941860267,Average,88952.91970002674,0
52,66087.61005964704,12.678359969711094,Master,Marketing,,Excellent,96245.85583950256,1
32,44525.70905685672,7.082437023727889,Bachelor,Engineering,6.264378045808495,Average,49719.62377156532,0
44,37411.85498991491,7.82609220074455,Master,Engineering,3.3960835134892924,Good,58479.765454707675,0
41,34327.862089684495,1.8755699897771114,Bachelor,HR,1.2820840197298005,Average,28886.408952878366,0
48,20504.65115935997,10.057019024071339,Bachelor,Engineering,2.075039955678572,Poor,45109.27582811438,0
25,80843.10694910484,3.0,Bachelor,Marketing,6.600726811666236,Average,99580.64384996271,0
41,33451.87451417475,7.751235932002756,High School,HR,9.409781951582623,Good,52467.012947849544,1
45,46681.19564621342,12.49741343948201,Master,HR,2.8588096357480577,Good,65013.780785704614,0
22,,0.0,Bachelor,Engineering,7.615235341945889,Poor,,0
23,54611.10046713651,1.0,Bachelor,Finance,8.798059569241374,Poor,67803.07414376087,0
22,62236.05818808945,0.0,Master,Finance,5.6879396060276,Excellent,66736.46892428664,1
32,62907.10232539618,7.905791396503048,High School,HR,7.02339216259292,Poor,73728.2119795571,0
42,41253.83842146592,7.3025829683886565,Bachelor,Engineering,8.335137850085333,Excellent,47087.580094130746,1
50,47493.174293203825,8.901231688163767,High School,Finance,3.346076419665342,Average,65768.2755074737,0
35,54238.69925732449,6.521892284666565,Master,Engineering,3.6720610684123867,Good,76312.92941584243,0
51,46269.633107246795,7.474109617313329,Master,Engineering,1.0056476496561055,Average,74552.3784534735,0
22,74110.18364029989,0.0,Bachelor,HR,9.667847178080223,Excellent,97204.33994726319,1
22,57364.62427457377,0.0,Bachelor,HR,9.257904051367102,Good,75453.91675200564,1
34,61023.16679074726,1.5736915970452827,Bachelor,Sales,7.881114373834873,Good,65331.02317448051,1
38,59943.21903001119,14.998335616821683,Master,Finance,1.711684188789833,Poor,92434.30623749562,0
34,67602.10786227987,12.0,Bachelor,Finance,5.027526007295573,Good,92942.99723616758,0
22,52715.3233805556,0.0,Bachelor,Finance,1.9170257857439754,Good,59352.606446823665,0
34,30547.5207806623,10.758831220980777,Master,Marketing,1.1432824053651873,Poor,54752.576745656,0
22,55995.31927628962,0.0,High School,Engineering,6.545646686913376,Poor,65079.22246749722,0
41,40229.64659312257,9.053948861324239,High School,HR,9.647464753721696,Excellent,57950.07281630611,1
38,42070.74977375365,9.176896516053976,Bachelor,Finance,9.12581221088935,Average,60132.39221087415,0
25,58795.4602813264,3.0,PhD,Sales,7.27079333441864,Good,77052.21446544844,1
29,68574.24607150453,4.864937337654414,Bachelor,Finance,1.8697652574838428,Good,72973.95988867496,0
24,50319.073651040926,2.0,High School,Engineering,3.4674763390507013,Excellent,60537.03418947259,1
34,54632.49518898446,4.335232338075031,Bachelor,Engineering,3.8805105419676185,Excellent,72862.98721039802,1
44,75533.22416952858,4.672711167078221,Bachelor,HR,7.8683505197100505,Excellent,90698.9472666147,1
25,53611.297692328524,3.0,High School,Marketing,8.220242613116026,Average,75819.76661637721,0
40,89025.24671270592,5.136960043556993,Bachelor,HR,4.465955106909284,Excellent,99421.32600071008,1
29,58482.64468447316,7.0,PhD,Finance,4.760955969558487,Average,81544.04902860423,0
27,23588.558612662735,5.0,Bachelor,Sales,1.400581353485542,Good,56497.70868886478,0
33,61300.12431656799,5.679787034519828,Bachelor,HR,3.602230465768849,Good,80460.97603326231,0
24,55717.37577324166,2.0,Bachelor,Marketing,5.06156659459876,Poor,63874.597213110246,0
29,69346.29131124119,7.0,High School,HR,2.0528474174673184,Excellent,82766.56565841543,1
23,60097.72026904937,1.0,Master,Engineering,5.079407146795192,Poor,86420.9589434168,0
54,47923.16024024339,8.30382107166435,Bachelor,Finance,8.678582310320204,Good,63146.35560472808,1
35,31635.526455659514,10.970729673438889,Bachelor,Finance,,Good,50218.38185624691,0
28,46864.65114070962,6.0,Bachelor,Finance,1.710368695345711,Good,60451.83782717686,0
37,37242.1931868605,3.0493503106908086,Bachelor,Finance,2.725041869472469,Average,40565.810300521574,0
33,41292.14825292916,11.0,Bachelor,Finance,5.270899151427006,Good,57233.55035092422,0
32,58828.67606630914,10.0,High School,Finance,4.253384348396309,Excellent,92382.47412810547,1
41,75048.56756527109,4.946855583285673,Master,Sales,4.228543175914889,Average,84830.09847193956,0
42,55920.07294734471,8.151751341790408,Master,Marketing,5.763407033292312,Good,71933.82292211195,0
29,32061.754069472234,7.0,Bachelor,Finance,6.259563294305117,Average,56468.76938779994,0
29,56669.040023302114,7.0,PhD,Marketing,8.17175413248572,Good,75806.25531300007,1
32,67949.47229968477,10.0,High School,Finance,4.068699071162362,Excellent,97262.73746458605,1
22,40853.25643520927,0.0,Bachelor,HR,8.24919654736528,Good,81132.34611170202,1
22,47989.742499906235,0.0,Bachelor,Finance,4.047501062013692,Good,54547.62648487209,0
48,50220.32292093796,2.4758215873849005,Bachelor,Engineering,1.4988969004711046,Good,53682.63207092345,0
51,38226.5253037664,9.215274382419503,Bachelor,Sales,5.9876888590431205,Good,60502.23234581678,0
32,59724.20650765789,10.0,Bachelor,HR,6.291120924053331,Poor,78859.76124046893,0
40,48185.77777088327,7.076534504620924,High School,HR,9.410862210596742,Average,62313.313619989,0
38,56292.98665860542,13.813042653284137,Bachelor,Engineering,7.53455193456227,Good,85912.89078729777,1
65,36687.6173329685,2.645576801107005,High School,Finance,9.259953872449955,Good,45904.69634673438,1
46,43438.125495148844,10.771674492126444,Master,Sales,9.175124892187085,Good,56093.06966755073,1
33,60835.72036741657,5.576556716964427,High School,HR,6.441166992324179,Average,75562.56205079015,0
25,44407.502718623495,3.0,High School,Sales,5.749858588028028,Average,72993.90567902324,0
22,75904.45776850107,0.0,Bachelor,HR,6.016968704472399,Average,111381.86914816793,0
37,44005.45721578097,4.933373648866608,Bachelor,Finance,9.80497726909523,Excellent,57756.86297528833,1
27,53370.27088627829,5.0,Master,HR,7.95850922572263,Good,73013.38910460543,1
22,63988.86247809635,0.0,Bachelor,HR,1.9563931431315624,Poor,93632.83381204079,0
28,28724.514006004523,6.0,Bachelor,Marketing,8.005855661032598,Poor,48360.32712073989,0
24,23587.86782028836,2.0,Master,Finance,2.534842440084033,Excellent,46442.929672661645,1
51,27115.15528144858,8.10155368216964,Bachelor,Engineering,5.026154941050631,Average,44775.157569867595,0
43,68938.76155140773,0.3213073752093747,High School,Engineering,2.8941370495888084,Excellent,69742.30173701068,1
34,41722.127811613296,7.944649015623051,Bachelor,Finance,7.206247589799068,Poor,61975.51125875107,0
49,88372.98928502378,5.241088903743305,Master,Engineering,8.89578762573732,Excellent,102515.5718496755,1
35,,6.027508710400912,Bachelor,Finance,3.6132569683001288,Excellent,,1
26,52768.269547955555,4.0,High School,Engineering,1.7380966708736887,Good,82341.44261974741,0
50,73131.64928851814,2.9739724228829747,High School,Marketing,3.6864378826746695,Poor,78904.1118003611,0
40,80091.39332238684,11.252820746991908,High School,Engineering,7.051256721389749,Average,98327.37027407037,0
24,80922.55364954597,2.0,Bachelor,HR,3.9588411479900496,Good,101143.15391377325,0
33,68125.49345889714,6.880959326016662,Bachelor,Finance,3.5030095079842307,Good,82163.4083235809,0
26,65360.93788717194,4.0,High School,Sales,2.6599167152583845,Average,97927.45434407987,0
22,58887.90423801775,0.0,Master,Sales,5.477647841869902,Poor,69480.85324356971,0
44,61675.41614249957,10.282451988878124,Master,Finance,3.4835394534146884,Good,79456.42625603898,0
54,41732.214255072,11.872738642131445,Bachelor,Marketing,7.579093142255348,Good,65640.88572278924,1
22,37727.016748665395,0.0,Master,Engineering,1.6896016179298243,Average,56763.45517134338,0
40,49949.38313883572,5.551053061968998,High School,Marketing,6.9762972980018585,Poor,63048.83612578464,0
28,,3.6593978937688076,Bachelor,Sales,3.138040131109929,Excellent,,1
30,43201.579260090875,4.698357880084179,Bachelor,Finance,5.403513349464428,Good,46961.9760574885,0
29,,7.0,Master,Finance,3.5748092982813455,Good,,0
26,64329.57812855766,4.0,Master,Marketing,7.504918084097161,Good,91899.53807590147,1
35,51326.10329437771,2.5957025351679146,High School,Marketing,9.50776336226473,Poor,49696.97839562175,0
26,72162.95121582893,2.7101681730257194,Master,Engineering,9.25369101522832,Average,74923.89881043372,0
37,32874.66328799742,9.927464246873965,High School,HR,6.25083593629682,Average,55234.17842717464,0
34,47095.10811080423,10.189059189511868,Master,HR,5.1634927293128055,Excellent,62561.60512844409,1
32,39247.66519095792,10.0,PhD,Engineering,8.364704584954437,Good,67665.51568530587,1
25,22001.9507439041,3.0,High School,HR,7.149937263649569,Average,42081.98611666397,0
29,48759.78971235951,7.0,Master,Sales,2.6520770279523957,Excellent,55899.0556406448,1
42,48173.78737425074,9.31151809663743,High School,HR,8.388272922517002,Average,62134.96735161566,0
40,72701.74614863197,8.343572025173321,Bachelor,Engineering,4.859959504552392,Excellent,77960.00397650385,1
25,59462.17526832166,0.0,Bachelor,HR,2.700870939740576,Excellent,53794.81547360071,1
35,34637.19763506192,7.080801477699225,Bachelor,Finance,3.536176153568432,Average,52630.74297332237,0
42,77811.38849501283,4.594374262958746,Master,Marketing,3.407743272235081,Average,84930.66230955604,0
22,68315.5054328803,0.0,Bachelor,Sales,5.672862771431141,Good,88021.18300222822,0
40,58731.465552029236,18.0,Bachelor,Finance,3.1093308161008797,Good,91001.8659814478,0
28,46602.738517252525,6.0,Master,Finance,2.1120983866141856,Good,69532.4681139565,0
40,35608.4114491478,6.745881255310408,PhD,Engineering,2.1132176555238464,Excellent,46324.627820126865,1
27,44416.8983589342,5.0,High School,Marketing,6.24948577425187,Good,67852.15878616674,0
22,66331.22929556279,0.0,PhD,Marketing,7.612833599644407,Average,85728.35988627124,0
22,78268.79458901913,0.0,High School,Sales,3.893797079545067,Average,91271.80790817244,0
35,73148.65292408284,10.427402372862684,Master,Engineering,1.3118563883261536,Good,88238.0360111093,0
37,42667.258673205884,15.0,High School,Sales,2.1450239824330968,Average,79958.57953685934,0
25,33205.73850066483,3.0,High School,HR,9.232251043033514,Good,42153.591805565986,1
41,52113.29370366806,9.894528307245817,Bachelor,Finance,5.441892936305077,Average,77152.59552592682,0
22,23473.409516557225,0.0,Bachelor,Sales,5.0821552865365724,Average,33685.65165421751,0
34,54847.515712771725,10.222050585368994,Bachelor,Finance,1.3424426047908182,Poor,76006.57005755579,0
22,47785.96120551997,0.0,High School,Engineering,7.557733200852092,Good,47806.41602029738,1
28,43009.452471976365,6.0,Bachelor,HR,5.75261272838871,Average,54318.68447932984,0
35,26079.453990998067,6.819640343048375,Master,Engineering,2.818728424778687,Good,39581.8130750761,0
26,57704.00159854575,4.0,Bachelor,HR,1.9906638416295146,Good,91276.0713446663,0
31,42009.487405071326,9.0,High School,HR,4.450490772687987,Good,68791.90611710402,0
45,32451.24746434568,3.017130494214462,Bachelor,Finance,8.534457677755231,Good,46165.81436132225,1
29,6916.066800775261,7.0,High School,Engineering,8.78765103280922,Poor,26343.228218247692,0
43,49587.27642424046,5.16168058100331,Master,Engineering,6.425617423560728,Good,56354.12145149968,0
23,76583.77395004616,1.0,Master,Sales,7.547827845071284,Poor,83101.35574539275,0
40,74918.88821821805,7.131931798302518,Bachelor,Engineering,2.0364020866258334,Good,90363.87004614425,0
49,43143.55615120592,6.766068846176721,Bachelor,Sales,6.293134589210694,Average,51979.91599470595,0
22,40966.81909457329,0.0,Master,Marketing,7.002691331384636,Good,74458.61410237286,1
27,57031.613841125356,5.0,Bachelor,Marketing,2.80641558622413,Excellent,75466.45747562507,1
40,35024.21841217563,2.489529996983051,Master,Marketing,8.92139259619233,Good,48031.37756896732,1
32,54526.87849729199,5.740903983316231,Bachelor,Engineering,2.754970637689178,Good,55604.98383696955,0
38,61491.204175770356,12.085533181717594,Master,Engineering,3.8212962386180536,Good,91691.36264278577,0
28,68403.99835826461,6.0,Bachelor,Sales,6.585011623211127,Poor,96427.56436642709,0
35,48497.68885280071,1.6560667510481668,Bachelor,HR,6.745150586176577,Excellent,44949.426418548974,1
33,46944.893747345515,0.4803024594438199,PhD,Sales,7.294462668886306,Average,53805.20931642548,0
46,36830.261198651584,15.483860701487128,Bachelor,Marketing,2.008105417613851,Excellent,71457.47294779775,1
37,37596.7946894021,9.558456709483615,Bachelor,Sales,8.645179869356998,Good,62986.301620275284,1
38,46602.8166214771,4.526829072494534,High School,HR,5.795624190549339,Good,59659.98450419406,0
30,55510.48260224267,8.0,Bachelor,Engineering,5.241896146945615,Good,86086.74029990916,0
30,,0.0,Bachelor,Sales,9.829878620621587,Good,,1
30,37952.31573979482,8.0,High School,Marketing,7.663404672469178,Good,53196.93291195632,1
38,72390.32853439283,9.311284691372341,High School,Marketing,2.062054239574374,Poor,92727.52980374423,0
30,45933.14598436147,8.0,Bachelor,Engineering,7.808852505036167,Good,75544.65274239393,1
37,49679.490584773455,3.944416190829849,Master,Sales,1.8572404057558254,Good,53671.44634013257,0
55,38791.82481278265,8.342748645613437,Bachelor,HR,1.2472350626168636,Excellent,52217.87919135262,1
43,13636.396095905875,4.298301495761651,High School,Engineering,4.632633057429074,Good,20688.19901443964,0
31,63260.68094541575,9.0,Bachelor,Sales,9.942203555372968,Poor,70780.83699698362,0
47,61052.6584563865,4.418614710547903,High School,Finance,2.5739554257537636,Average,70580.27991957005,0
30,45780.0866432268,6.367596643359118,Bachelor,Marketing,7.05379909174111,Good,49084.6364101899,1
22,51004.86075837308,0.0,High School,HR,2.560564595855074,Average,59303.63416471434,0
24,57739.08826556149,2.0,High School,HR,7.5230827746254745,Average,83274.626980827,0
22,26561.81214670186,0.0,High School,HR,5.548183014140435,Excellent,47045.038776736,1
31,42064.209839805575,7.061517720170345,Bachelor,Marketing,7.119745390804386,Good,64572.82463108062,1
35,61913.970194327405,8.152951979840113,High School,Sales,2.8258585832281113,Good,70917.3696569152,0
51,31185.658652461258,2.2056343414658235,Bachelor,Engineering,7.710654992684518,Average,41553.23074355206,0
38,,6.801293407972851,Bachelor,Sales,9.96057153660436,Good,,1
32,29651.272930648924,7.799181531833021,Bachelor,Engineering,6.990854505633638,Average,36669.46975276152,0
43,56996.449736502895,18.483172364119902,Bachelor,HR,5.441319982655899,Good,107516.76595994538,0
22,49465.37776553775,0.0,Master,Sales,9.308565897573382,Poor,56250.91513182461,0
37,25773.022761417356,13.85670895500975,High School,HR,1.1426665800868867,Excellent,49099.0205606587,1
42,67471.09031685758,11.987435093863231,Bachelor,Finance,7.56931167357239,Good,84410.52453066396,1
22,38981.12634802926,0.0,High School,HR,8.998718651324316,Good,56126.12744565198,1
46,37846.213444784284,15.034481936780534,High School,HR,1.555071252588617,Good,67278.14295639555,0
38,53008.53795846414,9.488421890427452,Bachelor,Engineering,5.050577533741824,Good,72498.60938201736,0
30,67229.56024143074,8.0,Bachelor,Finance,2.84247508554999,Average,84853.85302565437,0
41,34762.67271532405,7.787517387929818,Master,HR,6.098663490290471,Good,53503.83404175915,0
57,50925.197747719576,12.894275529674509,Bachelor,HR,6.845886627432945,Average,74775.59964375236,0
36,56432.24750495859,12.385876935243534,PhD,Finance,3.723608646358795,Excellent,71529.1807892433,1
37,60396.584108947165,5.49729085001515,High School,Finance,5.139835027102907,Excellent,70644.35833072927,1
30,52646.62332915838,2.7230112216049305,High School,Sales,3.5140553674890356,Average,46255.257505501846,0
26,44494.58241375016,4.0,High School,Engineering,4.324520480096024,Excellent,60639.590469041854,1
43,37586.146690269205,4.799845742409414,High School,Finance,2.4358596101958123,Average,42289.33702367486,0
26,51292.158245695624,4.0,Bachelor,Finance,8.970034992270683,Average,67600.76342335179,0
35,33917.9148202159,12.949752538736558,Bachelor,Marketing,1.0900936950322277,Excellent,66387.79480531203,1
30,6179.742747580887,6.1707933796528405,High School,Finance,8.941682677994097,Good,13777.586030546569,1
39,56548.39706236502,7.828706474753701,Master,Engineering,6.145109905147646,Good,77512.091304433,0
38,63559.02261629293,8.232090939233581,Master,HR,3.9849205975931574,Average,77856.25666132933,0
45,14556.01346687242,11.393723528821138,High School,HR,7.507514129142968,Average,46109.43453484262,0
29,34854.03942935094,0.0,High School,HR,5.569769366763979,Excellent,31053.161691483027,1
32,59287.31391507797,5.5731988209388135,High School,HR,5.491977922968458,Average,66231.24662942214,0
25,80862.43204567548,3.0,High School,Marketing,1.991280546270698,Average,101988.8938358877,0
30,50311.905615131116,8.0,High School,Finance,4.505644233508678,Good,73733.58861842782,0
38,39079.955881562986,6.03239020997518,Bachelor,HR,,Good,46937.4887308683,0
42,47256.553383427396,0.4937891758325037,High School,Sales,1.141263150366517,Good,45854.93248157344,0
25,70623.14628722277,3.0,Bachelor,HR,4.24089667703902,Average,91357.80519403685,0
43,40310.53731313197,5.458550444697483,PhD,Finance,1.8083991648304427,Average,57938.53885875121,0
48,38012.119900246194,3.241333363638555,Bachelor,HR,3.3114703395266667,Average,34824.34790022542,0
39,42758.847167269516,5.502618441147104,Master,Marketing,1.8326495906478502,Excellent,53879.48734431583,1
53,35700.07087611932,7.261898569376601,High School,Engineering,1.9084746300075897,Average,53348.385988142734,0
27,51840.054739921936,5.0,Bachelor,Engineering,2.7911016497366945,Good,63969.34029857522,0
22,74370.17687704341,0.0,Bachelor,Finance,9.998643200377602,Good,79274.97426741853,1
22,54846.18909674043,0.0,High School,Engineering,1.019657285715239,Excellent,77650.99202304486,1
49,46214.69746810569,13.09950016511489,High School,Engineering,6.748053725083647,Excellent,71490.94058740574,1
41,45622.83096626684,10.606087965358023,Bachelor,Sales,2.271193282239016,Average,69796.6546320496,0
34,26552.137869550144,3.4492573183007336,Bachelor,Finance,9.285653230396981,Average,33947.221580908365,0
37,63246.646657207384,7.194033864209928,Bachelor,Finance,1.842696040002663,Good,75682.67069422489,0
23,48832.44204480797,1.0,Bachelor,Engineering,9.59556868413613,Average,67360.9917209042,0
59,47292.80129614061,10.39517755824764,Bachelor,Engineering,6.498337487351302,Good,64820.51494655268,0
36,97896.61351767291,10.673361954872323,High School,Engineering,1.0114126922394122,Good,116187.45166732093,0
36,54481.2936254853,5.063304804886017,Bachelor,Marketing,9.046064781251255,Excellent,61967.93312642926,1
42,38723.134248572234,8.327982225654242,High School,HR,5.695406212302265,Poor,62144.44450071276,0
39,43604.63605691685,9.829121618460965,High School,Marketing,3.3640276179743607,Excellent,47157.79751391021,1
37,67226.68563795132,13.823289288587066,PhD,Finance,7.905512597640671,Average,96851.25838894017,0
27,51699.056158066465,5.0,Bachelor,Sales,9.33998998498183,Good,73506.46754766535,1
39,28425.830325239498,11.156226749502075,Master,HR,5.353217408321145,Good,42333.93152805304,0
53,63788.43401862805,8.335306511717445,Bachelor,Sales,3.839981269987998,Good,82007.68093774296,0
48,39977.83871691509,13.641836580814015,Bachelor,Finance,8.10050611541434,Good,69640.27183770078,1
50,78099.46664326318,9.639051183837989,High School,Finance,7.136069480096092,Excellent,100325.76516772616,1
29,66200.72098571973,4.555648359305718,High School,Sales,8.99877235375245,Excellent,62052.87738910643,1
25,43290.17156511873,3.0,High School,Sales,7.232626114850737,Excellent,77349.07838539245,1
33,69215.2454260267,10.79161309015611,Master,Sales,3.1917550500958267,Poor,87109.78808291472,0
35,51017.83265791105,6.227823915486071,Bachelor,Finance,9.384933247831171,Excellent,66906.31922264908,1
45,62791.605126833296,6.082028130403026,Bachelor,Engineering,1.9435217248539218,Good,78661.03029105079,0
22,57270.99225941712,0.0,Bachelor,Sales,3.411484750961631,Average,71260.11119244676,0
50,37304.6501751369,9.852739181070339,Master,HR,5.68175146951497,Average,60312.428299035324,0
33,40346.75251523807,8.789169062524826,High School,Finance,6.091678234638112,Average,55997.62443572593,0
30,65449.412263717415,8.0,High School,Marketing,1.1377952796421489,Poor,73582.99575456971,0
24,44978.37001840189,2.0,Bachelor,Marketing,8.02515453238846,Good,80416.73864265182,1
22,43945.27305137005,0.0,Master,HR,4.2544658658285055,Excellent,64642.39345416794,1
43,35673.16130975971,8.762542365060098,PhD,Engineering,4.65776686901924,Good,48925.77872618963,0
35,56353.98598390192,11.765242323069934,High School,Sales,8.284325899932512,Good,77869.14128985818,1
22,80937.87378864718,0.0,Master,Finance,4.413550525547901,Excellent,90038.8661870638,1
22,33987.006286185904,0.0,Master,Sales,1.4250238884527935,Average,52884.07063164987,0
31,50363.29185009137,9.0,High School,Finance,2.587957934233153,Excellent,83578.0772714921,1
51,71183.30833123144,7.127816418430505,Bachelor,Marketing,9.603128551493642,Good,78741.49433544916,1
32,48805.37913131427,4.609464285523661,Bachelor,Sales,1.6336482616226276,Good,54312.37585020792,0
22,56785.57694374601,0.0,PhD,HR,4.194380808712146,Average,66988.88047339385,0
32,34064.0970777968,3.6414678506304465,High School,Engineering,5.528612503462101,Good,50836.46924235123,0
32,56424.60645811473,4.860952367489187,Master,HR,5.43952744604704,Poor,65577.44850102431,0
22,47192.83602493177,0.0,Bachelor,Engineering,1.0356394871092847,Good,65654.8825545197,0
34,64785.94993519795,2.377731923285432,Master,Sales,5.510464583117413,Average,69734.1896256904,0
32,67810.79077347126,8.062473335798412,Bachelor,Sales,4.453952121796683,Excellent,81517.44425788026,1
41,88843.45463027922,11.609108695146588,Bachelor,Engineering,9.748714019271015,Average,110828.04990000019,0
53,58694.497598203634,4.368975279412318,Master,Marketing,2.4324317559444686,Average,66590.34959688385,0
46,54886.944748732494,14.077135694567076,Master,Finance,4.187387770835455,Good,86059.44483267034,0
32,52915.76452366004,10.0,Master,HR,4.775333365808377,Average,79875.15756976357,0
23,44702.505607839674,1.0,High School,HR,4.5162418339085395,Good,70745.55453126374,0
60,55077.25765192536,5.368661784591452,Bachelor,HR,6.9924774488667625,Excellent,71749.96961481705,1
35,45568.97884791456,11.418100908266464,High School,Sales,2.9396157179299194,Good,63581.23197629906,0
35,52526.91464404421,3.632264398418748,Bachelor,HR,2.9896439753259263,Poor,57718.29089681156,0
34,69763.9630341194,11.560990003346035,Bachelor,Finance,7.562898536507678,Good,89264.43036977314,1
36,34901.86152080538,8.687357359174126,Bachelor,Finance,5.502614668103616,Good,53848.7991935279,0
33,67098.17841693568,10.213004879939135,Bachelor,Engineering,4.736401084515794,Excellent,85729.39625091689,1
29,69756.72601009798,3.2976215775005935,PhD,Sales,2.5228274650952662,Poor,80000.83385027014,0
29,48228.97209513382,4.419720630893581,High School,Finance,2.6877450062094996,Good,52413.40479875877,0
34,18172.17651487108,10.388912873013538,Bachelor,Marketing,1.0949647313431048,Good,39165.15712750456,0
29,40882.670193583515,4.206607983103197,Bachelor,Sales,1.822836419755383,Average,52730.17571485119,0
27,69454.91819841664,5.0,High School,Sales,6.01154825221217,Average,78834.05466000657,0
36,49656.97906551677,2.531448774159017,High School,Finance,9.02685817007569,Good,65328.03315048582,1
32,35010.466515576336,10.0,Master,Marketing,3.584482886175017,Excellent,56380.100792510304,1
50,,3.0699067409259637,Master,Engineering,3.949725033065153,Excellent,,1
22,62609.300397568295,0.0,Master,Finance,2.0404504955036096,Good,83818.16939188841,0
45,58201.00352302069,10.502523734584003,PhD,Marketing,4.497678510463925,Average,79373.26833205446,0
47,46416.01851245458,5.212912726281701,High School,Sales,1.3349953411239626,Average,56432.37206715552,0
22,44497.63382277969,0.0,Bachelor,Marketing,9.258406266357103,Excellent,70109.80192409083,1
31,44123.62776434267,9.0,Bachelor,Sales,7.058002133120758,Excellent,65944.3907281464,1
31,36163.84723252246,5.844632575229047,Bachelor,Finance,9.91673928453897,Excellent,49342.493338099775,1
22,74230.63534204163,0.0,Bachelor,Finance,8.945408464106443,Good,84412.9760391652,1
27,45165.192961829904,0.14949723330968379,Bachelor,HR,5.256915343283374,Average,44942.39518125884,0
23,68257.37781238244,1.0,Bachelor,HR,5.6771652803533925,Excellent,95932.03243698024,1
52,72819.74077883677,1.7407889145517794,Bachelor,HR,2.7151844186547445,Good,68905.33851615149,0
44,64974.66347221941,8.381376797765233,High School,Finance,5.158354085556001,Average,82435.67543882936,0
47,43525.695309229275,6.946207135671004,Bachelor,Engineering,9.127250861435305,Good,57743.23273651519,1
42,56055.95135504914,10.716571101752782,Bachelor,Finance,1.4576808127223901,Poor,81555.49558887767,0
23,,1.0,Bachelor,Marketing,8.772011226984787,Poor,,0
29,36444.47208904808,6.682208854611634,High School,Finance,4.068530214783488,Good,41090.52678628867,0
39,54865.389225824045,10.927482817153182,Master,Finance,9.09561488586679,Good,77504.46994062138,1
22,32314.40313260296,0.0,High School,Sales,9.467919157073363,Excellent,52401.01982636892,1
42,67815.19082692346,9.264623828731112,Bachelor,Sales,7.037783983017153,Average,93792.43553162392,0
32,43030.7405405241,9.877070359234105,Master,Sales,6.979814079334101,Average,56433.07102736688,0
31,53017.39483809259,1.8577115071715768,Bachelor,Finance,5.07478903937866,Average,62506.286686019346,0
42,54249.31807319213,11.027154719947928,High School,Engineering,8.519862020893367,Poor,88140.6993332236,0
39,46116.42539443884,10.449875176054409,Bachelor,Marketing,9.654514825899549,Poor,65127.35130893527,0
31,58800.40702212912,3.933267485694011,Bachelor,Marketing,7.975736203052073,Good,60212.23089605103,1
46,42876.44515066213,7.023678105303195,Master,Engineering,6.597430603810383,Good,54888.92952940167,0
24,63069.45946185866,2.0,Master,Engineering,6.461136062392031,Good,78825.02599769451,0
41,29810.304796298773,7.4620128623930695,Bachelor,Marketing,8.64522911425296,Excellent,47553.269896119484,1
40,51895.693693196175,9.33543986627414,Bachelor,HR,5.870833891941685,Good,67609.59977655421,0
31,79083.93498587428,9.0,High School,Sales,8.234738976239404,Poor,114310.86191126046,0
38,34995.03013091638,12.327066910691315,High School,Sales,5.579967296568212,Average,54076.5023772587,0
22,39833.82544212723,0.0,Bachelor,Marketing,1.5619984747653173,Excellent,36640.04613381198,1
44,57708.617744883726,10.488279961224194,Bachelor,Engineering,4.455523080137397,Good,84218.7297887687,0
33,52693.72672909397,11.0,Bachelor,HR,4.999968619043488,Excellent,67952.08812934624,1
29,55259.45148910339,7.0,High School,Marketing,2.274555204879555,Excellent,73333.27081025344,1
45,57337.80695221495,12.363921700743868,High School,Sales,1.9224669627029152,Excellent,97654.05599974292,1
27,59520.82202842655,5.0,Bachelor,Finance,5.819184546912587,Excellent,91558.76782923301,1
22,66645.49762934334,0.0,High School,Engineering,1.7662927290047392,Good,85231.33574471794,0
22,56147.279853927685,0.0,Master,Finance,3.7265065110107556,Average,73854.76130012755,0
41,,12.180353896339014,High School,Marketing,7.701372783667684,Excellent,,1
22,60088.60551804097,0.0,Bachelor,Sales,9.679889616111828,Good,78050.95788458169,1
52,78498.22902342823,8.095612173139822,Master,HR,7.460835224967357,Poor,98000.76828050597,0
22,48010.493804261394,0.0,High School,Finance,9.933629936075832,Good,56003.62407671284,1
51,35382.06042994038,14.253653435328433,Bachelor,HR,7.285041741514624,Good,72327.10757678121,1
37,66606.2100393046,4.726285336231994,High School,Sales,3.6441502358889477,Excellent,77284.35213363168,1
34,48194.282540696026,12.0,Bachelor,Finance,7.048472864548257,Good,80087.19457012997,1
29,17409.95680978946,7.0,Bachelor,HR,7.319410886772134,Average,34268.122800934216,0
38,62711.325157256324,2.402775300792234,Bachelor,HR,4.345542861548145,Excellent,73948.78644381846,1
34,,9.470597171965686,Bachelor,Finance,1.1594246554845011,Excellent,,1
46,48642.00076543759,0.0,Master,Sales,7.3287980629793825,Good,49229.55127169225,1
36,54979.70495853522,10.502032067324143,High School,HR,1.1953008574798747,Average,71318.23870724796,0
36,52857.495196685995,11.540925931955965,High School,Marketing,6.68069270254064,Average,70954.68892858729,0
31,60641.77725708559,5.630576177391786,Master,Finance,2.4725483986829957,Good,75343.95614413357,0
34,43467.70444145235,8.49419078382233,Bachelor,Engineering,6.0904317497323905,Poor,58238.05185806008,0
38,57696.58697264124,15.816629735001145,Master,Engineering,5.5352172284254,Average,85060.73100512163,0
22,46106.79983624124,0.0,Bachelor,Sales,1.1216227807556431,Good,54844.9094920106,0
22,61082.157213312545,0.0,Master,Marketing,4.2657923529559305,Good,72105.66187544684,0
42,59230.5122601958,13.926653609850394,Bachelor,HR,6.409820506566724,Good,83938.63017387853,0
36,35968.41946933107,14.0,Master,Engineering,8.637458967089017,Average,67080.8423355666,0
33,66289.73174262549,8.014782687391389,Master,Sales,8.997779024528654,Good,82394.43586884375,1
35,41960.54832328928,12.045852141633425,Bachelor,Marketing,5.354649730299009,Good,56465.508176504634,0
38,62120.86697421718,13.365903662123525,High School,Marketing,7.5558023856949434,Average,81497.04227159664,0
29,55509.30970102011,5.030063069846464,High School,Sales,3.848091188801119,Poor,67250.82528695084,0
27,77572.75515192683,5.0,High School,Sales,4.079677651827917,Good,86005.1616632204,0
36,46648.01026442222,12.923498052618939,High School,HR,2.750171672640824,Excellent,77778.6309260622,1
25,44760.24805822704,3.0,Bachelor,Sales,6.057532989939154,Good,79074.39780914783,0
39,49708.70591168401,10.251523440697419,Bachelor,HR,3.831077358346287,Average,73807.59612485603,0
22,45452.303257485866,0.0,Bachelor,HR,1.7593380679465453,Average,63512.64736603242,0
45,61999.12852913075,15.948244446797766,Bachelor,Finance,7.165054779968608,Excellent,93480.17078401036,1
39,25755.34087345118,5.876116408752142,Bachelor,Marketing,7.369778868448583,Average,40751.983320474654,0
37,34194.76371280469,6.659448875314193,High School,Marketing,4.239931769011521,Good,44591.656580452924,0
44,33982.9561763121,9.369351337958486,High School,Marketing,1.6905105951042052,Good,64983.50841657269,0
51,64254.61387960364,14.216641682859096,High School,Finance,4.836679456630833,Average,102606.06550750193,0
45,75659.20058872888,11.415903906208895,Bachelor,HR,4.981019122451939,Excellent,98550.41057373563,1
22,48433.261721937924,0.0,High School,HR,7.018037964081037,Good,69685.11687435917,1
22,47467.67415214984,0.0,High School,Sales,3.8387475213281514,Good,73970.47038991872,0
28,51050.78244669772,6.0,Bachelor,Finance,7.143393518031749,Average,66663.2022717749,0
35,67428.17453912286,10.232558058074025,Master,Sales,8.843396875816495,Poor,84610.17030127239,0
40,36089.70298714139,0.0,High School,Finance,3.1373743812597983,Good,36223.17112062138,0
27,53575.53474102178,5.0,Bachelor,Sales,9.810276005079098,Good,67594.87129888174,1
36,64627.96444673645,8.965287739667124,Bachelor,Engineering,4.4773132342312625,Average,83473.512174297,0
27,57516.41254909768,3.3959436655219717,Master,Marketing,3.4053281663235557,Poor,60136.9431648018,0
28,52843.724248981154,6.0,Master,Marketing,4.793600642592615,Poor,63345.95004965665,0
22,65015.69138850712,0.0,High School,HR,1.8495772831347326,Excellent,80560.63367001365,1
25,9451.515605011446,3.0,High School,Engineering,2.131353158609041,Good,44020.13139900636,0
22,60168.12979296361,0.0,Master,Marketing,4.729906422714983,Excellent,87623.25384930226,1
25,40188.864753088645,3.0,Bachelor,HR,7.862000697451901,Average,59644.56779793768,0
45,22540.506547153145,7.396649153733219,Bachelor,Engineering,9.102810156170419,Excellent,33814.223227541865,1
25,57668.03899287471,3.0,Bachelor,Marketing,6.983361916446438,Average,67802.93619317797,0
61,70604.87817744436,6.193362095361509,Bachelor,Sales,1.9469759971435274,Good,82655.45083218673,0
39,47938.27228058462,8.780099936112506,Master,Finance,7.048177859624816,Excellent,65085.509276053184,1
36,64293.118208044085,4.966871724449639,PhD,Engineering,6.718851286326747,Average,78076.70531361947,0
26,74184.17386982968,3.4775386602498948,Master,HR,8.251875264639981,Good,77264.43707000955,1
42,69723.7168037607,10.490844895601075,High School,Engineering,8.427237999869629,Average,97545.87777903734,0
29,74599.46794057089,7.0,Master,HR,8.81382768201081,Average,105470.28942688665,0
36,61131.91236607838,4.782736961360031,High School,Engineering,4.727183631211885,Good,70501.66615395673,0
60,51131.50458352389,11.581421723050399,High School,HR,7.280779558169298,Good,80542.90013054627,1
34,25970.512821542474,5.473689083338675,Master,Marketing,3.4142532303007966,Good,31635.40563509352,0
46,46309.062678050774,9.012660952151926,High School,Sales,9.994026519851538,Good,69710.49228826421,1
27,37351.30107025713,5.0,High School,Marketing,2.5780081723917396,Good,65150.435213954086,0
34,82564.1407624672,7.865549741185148,High School,Sales,1.0910298849475222,Poor,102612.42664578688,0
52,47361.712813514954,9.818963648564537,Master,Marketing,2.339278430663584,Average,66921.82466629257,0
28,51848.072101767284,5.934281424449713,Bachelor,Marketing,7.9828506058971405,Excellent,48945.390244456554,1
53,58272.280640607016,7.214133666287611,Bachelor,Engineering,5.021053088573903,Poor,69491.9122549216,0
42,50654.03669558681,7.176562276478639,High School,Finance,5.027502230293854,Good,61877.58116012107,0
29,75425.7656064613,5.013686613839044,Master,HR,9.595206276505017,Average,80561.86414383701,0
41,40660.25957398322,7.292903347536871,Master,HR,9.276714172252667,Good,55857.28129179229,1
44,52919.11182855864,1.8055268045450132,Bachelor,HR,3.800752640236083,Good,54435.348210042495,0
41,38862.94121452927,6.035385011431581,Bachelor,Sales,2.8815231590277954,Average,46810.651188567324,0
22,30199.662331689415,0.0,High School,HR,8.636339889403658,Average,38626.657643492945,0
27,40823.46363642072,5.0,PhD,HR,9.15417163939927,Good,51196.46068903153,1
32,49444.44804427382,7.034010216516885,Bachelor,Engineering,5.874372305186382,Average,69119.96453655722,0
34,43560.4666322411,7.752943200559485,Master,Marketing,6.664813400053904,Average,55761.227760222595,0
41,39613.68530189216,9.917766072344255,Bachelor,HR,3.3122285622306404,Good,56874.52391441431,0
36,28905.23804492249,11.49806829653009,Master,Finance,8.207224191806722,Average,49617.886562866435,0
22,48753.41641056958,0.0,Master,HR,6.689101856041208,Excellent,61250.26216483054,1
38,27429.194389534965,3.187196578443422,Bachelor,Sales,5.5316216016819695,Good,36084.834989064475,0
41,61400.83945534404,3.831822351027588,PhD,Sales,1.5409770047055624,Average,53841.20146118341,0
40,51236.59629401755,6.051188315220291,Bachelor,Sales,9.243414662600383,Good,68447.14899359617,1
45,28136.72750802604,6.592314728733964,High School,HR,6.539062783459654,Good,48503.19713671273,0
43,45361.863844252046,4.920015735210171,Bachelor,Engineering,2.734219852236712,Average,49950.96262786404,0
39,38717.65391614125,2.815533343000422,Master,Finance,6.457475052847475,Good,39487.22937846792,0
34,54787.61765628771,6.175516690103247,Bachelor,HR,7.097170188159761,Average,64887.38409760285,0
22,70106.75669034716,0.0,High School,Engineering,5.73193303014903,Average,83778.1495539759,0
39,21872.41295531383,10.380117863342258,Bachelor,Engineering,7.462915641604202,Average,43752.28305173138,0
37,51725.39118721126,5.770307787566715,Bachelor,HR,6.233085531357618,Average,53533.38033055037,0
37,47598.00806650039,6.348008711426264,Bachelor,HR,9.529926238289335,Average,54704.38744916922,0
22,60070.101146756984,0.0,Bachelor,Engineering,1.4832737073937614,Good,76352.50067685303,0
24,53197.94942356534,2.0,Master,Engineering,1.9562113762260445,Good,64305.336223827035,0
45,38720.460023917716,4.606285463236741,High School,Engineering,2.5630447325890584,Good,54150.172340905825,0
34,45214.19096500073,10.2925112529648,Bachelor,HR,7.21153963543899,Good,67575.904448881,1
41,38059.612147947664,0.8565340322635553,High School,Engineering,6.810362854748278,Excellent,30726.341639533486,1
35,66140.10707897898,6.561481310190151,High School,Sales,9.028529741887246,Good,82439.71567544031,1
35,50319.67473007913,9.204429356766969,Master,HR,7.595897075955086,Good,68140.1969326488,1
44,78517.86028629511,8.735338065290017,Master,Sales,5.57519938808133,Average,93711.20113562644,0
29,49090.08779278069,7.0,Bachelor,Marketing,9.926486132172673,Excellent,87859.14257048469,1
35,39373.898496343056,9.39920009827163,Master,HR,3.3949716055236925,Poor,60545.46612072027,0
30,27294.28411080759,3.983781612631959,Master,Marketing,8.498724938069085,Average,38799.8064459446,0
30,22952.904856160825,7.618143011643708,Master,Engineering,4.8411133497452745,Good,44080.455117188256,0
31,26237.960854917652,0.8950146661341929,High School,Engineering,6.838616249881608,Poor,30068.66975107782,0
37,54006.89976517225,7.677601002812956,PhD,Finance,7.545416234071906,Average,62483.93132686635,0
30,57630.87534844901,4.667775771996965,Bachelor,Engineering,6.703786784713027,Good,64598.19960418698,0
47,26282.139469518,11.661561102240647,Bachelor,Marketing,2.2645657279773395,Good,64320.503350342406,0
26,63425.57471114173,4.0,High School,Engineering,4.986559096731394,Good,78651.7078162861,0
33,42754.08422474841,7.532936336819014,Bachelor,HR,6.052945401398119,Excellent,69666.39340244392,1
30,52201.89517978324,5.457768634382386,High School,Engineering,8.64139383260737,Average,70094.60285954394,0
49,74183.30942383136,14.955405407413325,High School,Finance,4.992811739187151,Poor,105303.13059643675,0
36,63452.58973798298,6.715028935528354,Bachelor,Engineering,9.268725743238264,Good,78389.68295794528,1
45,45972.04028141251,15.330228173916808,Master,Marketing,4.9633680072268955,Average,76449.59642986191,0
22,36632.11661877069,0.0,Master,Marketing,5.939018733367105,Good,50456.30763648433,0
37,17722.768980060428,9.928266909341545,Bachelor,Engineering,8.166571146485209,Average,37669.539061084644,0
43,39212.7002113637,9.474932589270079,Master,Marketing,6.247609159799293,Good,64215.93815261484,0
35,,9.575189192865006,Master,Marketing,9.641962651445422,Good,,1
45,35192.30709273224,0.28930968261756007,Master,Finance,6.943022474627148,Good,37830.691453276406,0
29,48031.145493615426,6.884466423396974,High School,HR,5.70438508660841,Good,66058.03356987536,0
49,51152.77824438152,11.380631884737287,Bachelor,Finance,1.2123277100271628,Good,69365.63981729372,0
57,46627.16027287882,7.804411266103578,Master,Sales,4.723596078222968,Average,59979.46848336766,0
31,40249.961287648104,2.3792406127856998,Bachelor,Finance,3.693235773341444,Poor,39918.88506083371,0
30,52529.82007950092,7.790382197690122,Bachelor,Engineering,7.732951010987403,Poor,63999.75644143413,0
49,56629.109743541136,14.816422065021964,Bachelor,HR,2.874499076381912,Good,79823.92745531976,0
50,,12.987566862138877,Bachelor,Engineering,2.8469807856466463,Average,,0
29,71163.98569619405,7.0,Bachelor,Sales,2.7056713891363913,Good,93765.232025255,0
30,48521.17801573608,8.0,High School,HR,2.1305405184061232,Average,67555.38708674931,0
32,50282.744344172716,6.533971918527793,Bachelor,Marketing,3.799063033037987,Good,63982.98427653175,0
22,60623.21634884836,0.0,Master,Finance,8.973299029990827,Excellent,60477.89988587982,1
25,53498.24196895253,3.0,Master,Engineering,7.974356250753595,Average,67996.8437491008,0
24,64297.04950869868,2.0,High School,Sales,7.617260946761141,Average,99355.97113978234,0
27,54306.86247802736,5.0,PhD,Marketing,8.176031250849665,Average,72435.26773408765,0
34,40813.43938039343,7.026464082499928,Bachelor,Finance,3.424761003966145,Good,56397.04031090706,0
37,55422.55287809153,6.8006472149004775,Bachelor,Marketing,8.98697521677239,Good,67868.549623688,1
50,32844.10689019007,15.616546358292027,Master,Finance,2.2357303762744394,Average,58117.82608581788,0
25,51628.39558664785,3.0,Master,HR,4.027111540440238,Good,90353.71131515535,0
44,49501.550140333085,16.875120933792537,Master,Marketing,6.280733070706086,Average,79453.42691915538,0
32,46878.2471409119,7.363819158399795,Bachelor,Marketing,1.9261457950780057,Good,64924.117192875696,0
34,48071.93732841604,9.18249795498838,Master,Marketing,7.571171689987824,Good,71734.76110150978,1
41,21772.264317535413,1.9334298023168355,High School,HR,4.485214433831275,Good,22862.721437642438,0
23,41769.12638388558,1.0,Master,Sales,8.0596509904756,Poor,74774.66442941158,0
38,51392.673517116724,3.32888179492826,Master,Finance,5.436066570261425,Excellent,61871.50312366752,1
36,52397.84587996101,8.867102255050517,Bachelor,Marketing,2.627870719828027,Good,78771.86956697087,0
39,34584.87288611063,3.6107898894686237,High School,HR,7.612856302198099,Average,39459.720332914316,0
37,68985.61761297051,5.644532693045216,Master,Sales,3.269295602550492,Average,73845.36291266237,0
59,37007.377276782485,4.650950275801199,High School,Finance,5.417292711412386,Good,43781.82905116233,0
28,64541.85800790105,5.568498957296729,High School,HR,1.6797994224121684,Excellent,76723.12363516616,1
29,56407.91542807527,5.843509187404086,Master,Finance,6.56079988970833,Excellent,68385.99743830872,1
28,40306.59035234295,5.806924820299692,Bachelor,Marketing,6.992719895946495,Good,49953.25051156958,0
29,76629.66338914268,7.0,Master,Sales,4.408067889755052,Excellent,89750.3473884989,1
28,32095.447523652798,3.5805488277499196,Bachelor,HR,9.589805022889665,Poor,41608.96015979817,0
46,63787.31260415002,8.882165708055467,High School,Sales,8.867520293338615,Poor,91413.36641567195,0
49,65008.734770644674,12.871836609222234,Master,Marketing,7.371468241659953,Excellent,93073.66417970417,1
29,39940.69686385033,5.9472145419464155,Bachelor,Sales,7.422868670443684,Good,54880.80354301073,1
26,70886.97950096492,4.0,High School,Sales,3.271615434479361,Good,84005.85490575962,0
39,46249.302281015705,7.077901499278997,Master,Engineering,6.9113370797960405,Good,62390.3386289857,0
29,54330.40443919785,7.0,Bachelor,Sales,2.783856387119677,Excellent,84426.53594042402,1
41,53904.82758156831,8.776430523813431,Bachelor,Finance,2.296029015278399,Good,73434.5570351235,0
37,47985.368877941786,5.8751428215696055,Bachelor,HR,9.995211047823222,Excellent,58172.26867281462,1
22,62162.124097396736,0.0,Master,Engineering,6.601383383258567,Good,78053.19275685729,0
50,61902.33080828319,3.5908314006543067,Master,HR,4.878890853914715,Average,67839.12533318844,0
52,23772.02040142729,10.725438041771792,Master,HR,3.593480705955562,Excellent,46793.5439672242,1
28,69565.10364317229,6.0,High School,Marketing,6.435283992960047,Average,87253.54729917157,0
31,25062.620179464884,6.768766115444464,Master,Marketing,1.4463415739807752,Excellent,40171.84582601096,1
37,65488.19306512486,4.6456568062110755,Bachelor,Engineering,1.8521289145431554,Good,76975.25734604911,0
38,66900.57705241375,4.453276310866171,Bachelor,Marketing,1.295710279663567,Good,79973.02683049701,0
41,33635.50354677203,10.13926934538364,Bachelor,Marketing,5.492528499363956,Good,60328.017081734215,0
55,43837.78568068123,12.915922009956248,Master,Marketing,6.405459662684643,Poor,70059.666792988,0
33,33414.42997271096,5.450769011884821,Master,HR,1.5623178522203878,Average,37777.0851707423,0
27,46776.18454566897,5.0,High School,Engineering,7.491020207490249,Excellent,64717.757689984894,1
22,45379.48573721388,0.0,Bachelor,HR,3.07355564363108,Excellent,44903.58242543032,1
27,61694.907984040095,5.0,Master,Finance,7.166813083928795,Average,63839.12235789705,0
34,69654.63119179412,7.875764268516392,High School,HR,9.83707426031721,Excellent,92349.48232933933,1
52,70935.25716184934,4.361266332072665,PhD,Finance,7.219952830484661,Excellent,80369.679388547,1
29,41567.47960132547,4.2539745008416165,Bachelor,Sales,8.948737476312477,Good,51982.19277591012,1
37,46861.671893832085,5.328881774124455,Bachelor,Sales,9.533786560687606,Poor,64347.06775471233,0
34,24748.427116685747,9.168770913305492,High School,Finance,5.38075943517084,Excellent,39935.254792584994,1
46,37911.94900255717,7.250683926374501,High School,Finance,7.320924814777362,Good,55283.526509726325,1
60,64472.77449646186,0.0,Master,HR,8.667723282002576,Excellent,62017.60401435241,1
29,74233.74235322347,0.0,High School,Finance,,Excellent,72347.70679706334,1
30,31484.76692180117,5.572539288571298,Master,Engineering,3.352575849043554,Excellent,38768.88355992187,1
45,41113.036112706584,9.830746344214209,Bachelor,Sales,9.519387155005049,Good,69102.54486956765,1
41,49603.91364561609,0.0,High School,Sales,7.536731503319362,Average,41746.374703436355,0
53,54202.4173822941,6.0010792953934775,High School,Finance,2.977139200382437,Average,69701.89720755957,0
40,37855.94720117531,5.8950085739303155,Bachelor,Marketing,5.041750534085021,Average,40270.92741167626,0
31,56360.915666961344,9.0,PhD,Marketing,8.168065925840285,Poor,89367.56054107787,0
40,42892.409793936255,6.459912753148545,Bachelor,Finance,5.923566918265979,Good,61073.291080018644,0
46,49783.215936825814,9.531955938963714,Bachelor,Engineering,,Good,69334.29836623976,0
43,58194.26372005549,8.565028560349853,Bachelor,Marketing,7.7839138184054715,Excellent,74189.60851006558,1
40,50096.33404716407,0.0,Bachelor,Finance,6.598082699280825,Average,51051.802236774296,0
45,43454.21164210147,11.07282886652695,Bachelor,Engineering,5.860713897299762,Good,77043.82267955682,0
46,48355.852941112535,8.861586021825152,Master,Engineering,7.746528559489961,Poor,57262.84149024542,0
48,48674.55561191997,10.033074558698358,Bachelor,HR,7.548067318889807,Poor,72650.84166718733,0
41,44449.83455176809,19.0,Bachelor,Engineering,6.66885160164861,Poor,87301.64969248918,0
33,46118.059059993466,0.0,High School,Marketing,4.2381047204373665,Good,45345.563562506104,0
36,73979.70755757076,14.0,PhD,Marketing,4.652308829802444,Poor,102537.88016026632,0
47,58413.791719118584,6.8502099223985775,High School,Finance,9.733946939956876,Good,69972.62027492696,1
26,45567.795229562595,4.0,High School,Finance,2.0114733906237325,Average,63814.10081952302,0
38,60454.316067661035,7.817951018795031,Bachelor,Engineering,3.416544255275518,Excellent,70419.36237886215,1
31,44992.70765365985,6.303054666407826,Bachelor,Sales,5.431615832839022,Excellent,62744.71916711534,1
35,67596.86956379961,5.720668287044965,Bachelor,HR,8.530567175294072,Excellent,70067.48858189654,1
47,55544.63288297141,9.318034942292037,Bachelor,Sales,2.4730809735675505,Excellent,76879.5253316972,1
36,48390.467839936566,1.9313052133132835,Master,Engineering,3.492591563121489,Excellent,50620.39900389028,1
35,56715.75388715416,11.002316670087062,High School,Engineering,1.5921839601571508,Excellent,72865.76275829102,1
22,26436.85771897251,0.0,Master,Sales,7.3538673944573665,Good,40119.21933288396,1
42,33098.48796635292,3.479722643838569,Bachelor,HR,3.143884919280545,Average,32273.17782049767,0
41,32091.12490401417,6.199948568016746,Bachelor,Sales,4.498072756038554,Average,44689.591148645835,0
56,52144.1464214556,13.028596867450291,Bachelor,Finance,4.99331302326701,Average,71086.95561729842,0
31,75987.72499227637,5.858659651935108,High School,Marketing,9.0218254204581,Good,90011.40471773574,1
37,83469.50219288949,9.433814472838481,Master,Finance,4.701972612981131,Good,97715.34447041457,0
37,59570.76652161136,5.076174897138107,Bachelor,Marketing,2.3070251792372414,Excellent,67468.14623074103,1
50,57512.66712416685,11.031687399694478,Bachelor,Engineering,5.718834445061089,Excellent,81045.78886327162,1
34,22984.133987708916,10.742030955160816,Bachelor,HR,9.666621951837667,Good,40605.48533881937,1
37,41859.89300398967,15.0,PhD,Sales,6.469170769457299,Good,72358.94367201945,0
41,,7.297744218003138,Bachelor,HR,9.850484984145153,Excellent,,1
36,40687.28602623326,10.674619219031626,Master,Sales,8.56996578044983,Average,65190.90248227729,0
30,47477.84272122815,8.0,Bachelor,Finance,1.3236918059207152,Good,73086.95206529356,0
36,42918.64133454309,13.183487127452057,High School,Finance,6.925596358393377,Average,83246.659928997,0
45,20310.502844363185,5.124670449565079,High School,Sales,3.580901898020953,Good,31015.68447682554,0
24,61218.65384176301,2.0,Bachelor,HR,6.036551700802515,Average,87119.7170487672,0
36,33908.854613902906,7.221210815533273,High School,Sales,3.514106718381039,Excellent,39448.14788043201,1
27,53588.702961667244,5.0,High School,Engineering,4.139833749447614,Good,76588.86917632719,0
46,81111.2400462496,8.367009937793492,Master,Finance,9.308518405787614,Average,101726.4024454571,0
22,,0.0,Master,Engineering,2.8597886640253476,Average,,0
29,12045.687158805056,7.0,Master,Finance,8.866982062232474,Good,33301.758815274436,1
38,45709.936671798336,8.858852732682106,High School,Finance,1.2741202726344714,Excellent,62155.26175393584,1
50,66514.39452497856,14.312472230248737,High School,Marketing,1.8178888453268354,Good,92849.21307040325,0
34,79375.21181330891,11.941798742460874,High School,Engineering,,Good,105635.48392536811,0
29,31556.756083213746,7.0,Master,Engineering,6.675004278182758,Average,49193.22032403733,0
53,57450.48834854783,6.177841895904518,Master,Marketing,7.725125242355952,Good,74914.29596235661,1
22,43020.3431482992,0.0,Bachelor,HR,2.8847590373966883,Good,46626.467462838395,0
22,48410.774685437966,0.0,High School,Engineering,5.8337511003109315,Good,66802.90520222405,0
39,89665.15020525552,11.504187170119177,Bachelor,Sales,7.634973012141743,Average,108125.07560345219,0
29,27455.4450740727,7.0,Bachelor,Marketing,6.645827233092363,Good,59034.31066766117,0
24,53806.094922418604,2.0,Bachelor,Engineering,5.245288902020885,Good,61890.37310706623,0
42,57015.3975764815,7.081805378558611,Bachelor,HR,9.638054077939433,Excellent,64439.02941176287,1
37,66286.7948740902,1.4420633498982633,Master,Engineering,7.085416001081008,Excellent,66142.52157420774,1
29,51469.747302063435,6.430115575756508,High School,Finance,9.16975720217114,Good,64169.766600174014,1
22,54620.75809256153,0.0,High School,Sales,7.567934604163131,Good,72688.4597588752,1
43,44125.271488673134,6.134018483087209,PhD,Marketing,7.619171757379148,Average,50634.90290967583,0
41,54036.90411867661,10.561919180803296,High School,Finance,1.720164427819114,Excellent,85717.22415078111,1
34,44852.11586753884,7.237987576008755,High School,HR,4.235181596685492,Good,55025.26400048692,0
53,59323.57834784076,9.296228112886242,High School,Finance,8.725324660476925,Average,76300.82272974821,0
24,44455.84495934549,2.0,High School,Finance,3.0934347593388036,Average,49438.12883682373,0
22,55656.505908532796,0.0,Bachelor,HR,2.039552795408196,Excellent,70231.39746675179,1
28,49561.057794725326,0.0,Master,Finance,3.934954509749141,Average,44738.70372736506,0
34,66890.75376158251,7.252415367352061,Bachelor,Marketing,2.9839409640335255,Good,86136.29924864689,0
37,49229.094146172705,1.4781070251394395,Bachelor,Engineering,9.327593753138396,Good,50655.53603879363,1
32,23404.512976896778,10.0,Bachelor,Finance,8.81169977801918,Poor,42870.07767630956,0
38,68928.82251070987,11.109629411058044,Bachelor,Marketing,5.497149072546137,Average,97520.28247207047,0
22,36414.015487060715,0.0,Master,Engineering,1.552094870354812,Excellent,55670.67788680595,1
49,40193.504920267704,14.08402490863752,Master,Engineering,7.431061114838407,Excellent,77013.16381182859,1
34,41065.08058934762,4.2043339167006515,High School,Finance,6.610705582026381,Average,38245.81893492311,0
46,70616.57139756226,14.989452791662233,Master,Marketing,,Excellent,101572.49308730333,1
38,17964.886790319568,11.728766257041539,Bachelor,Finance,6.030579162433392,Good,51015.450973783685,0
39,97066.22800489991,7.053778851124216,PhD,HR,4.0275435106261845,Good,109407.46502995756,0
40,65840.85213599078,12.542480588731777,Bachelor,Engineering,5.671195242207002,Good,89798.34619678115,0
39,53348.5837119374,3.574825950353463,PhD,Finance,9.813369622640646,Excellent,61975.79407059602,1
41,49176.5899907557,4.701943353889305,Master,Engineering,7.267261892797275,Good,55786.49760410953,1
48,54283.311122864856,5.565641107041198,High School,Marketing,7.04778524134346,Average,63854.233676683594,0
36,57816.836425690075,5.884089167743939,Bachelor,Sales,3.1661343075329684,Excellent,67895.93929022094,1
42,59678.23378925085,3.773769428958989,PhD,Finance,7.692422658045559,Good,64088.66897503697,1
34,58334.066990051724,12.0,Master,Finance,7.752446465245946,Average,90263.01427781711,0
49,,6.964582398520673,High School,Engineering,3.8556008539831477,Good,,0
28,47039.923695390105,6.0,Master,Marketing,5.353424491516419,Good,67113.10460276165,0
53,47730.90074519732,5.718594534345278,Bachelor,HR,3.6514299964641044,Excellent,63210.94484833846,1
34,47076.375794709784,0.7175867978059314,High School,Marketing,3.3283456329185803,Good,47189.77022430432,0
22,67006.55145300596,0.0,Bachelor,Finance,1.2330646322453664,Average,81295.99122837283,0
36,58903.35083421293,0.3509800983208926,High School,HR,3.566905701879989,Good,56592.18950778192,0
28,5894.170480035798,6.0,Master,Marketing,5.985729548904474,Good,21354.013316875094,0
43,59838.51164794641,2.526739844668758,Bachelor,Sales,1.0144106879412593,Average,59595.932795419416,0
28,52921.04292078162,6.0,Master,Engineering,3.548971754287007,Good,82317.9458316947,0
30,49719.36865331154,8.0,High School,Marketing,8.932692990909251,Excellent,70429.68722135216,1
22,44172.22320366671,0.0,Bachelor,Marketing,6.3428372659662475,Poor,71641.03468298362,0
30,66861.6907997902,8.0,High School,Sales,6.470765416728824,Good,79102.26952135797,0
22,64212.89693184287,0.0,High School,Finance,4.630278745237179,Average,72544.27050508882,0
22,38406.834982645865,0.0,High School,Engineering,7.0882492914316995,Average,67383.13897608046,0
42,56105.78430686802,8.799241734874855,High School,Marketing,2.709394896073232,Average,74313.49009728001,0
42,35425.14898188071,9.05608032533468,Bachelor,HR,8.368721293457725,Average,57304.39699965553,0
39,29305.727528166044,13.089414000427071,High School,Marketing,2.0502020794230984,Excellent,55983.68710451903,1
25,40599.24163115052,3.0,Bachelor,Engineering,6.9040121918779835,Average,59122.511547306545,0
34,62935.902085741385,9.154894651300093,Bachelor,Marketing,4.070343932377147,Good,70036.111715797,0
34,64296.8756806413,1.3804502550868154,Master,Sales,7.727616735242291,Poor,68085.05462599645,0
23,57696.28130145939,1.0,Master,Marketing,5.94788096139418,Excellent,62137.87791621173,1
50,60876.43680271995,7.509164265617104,Bachelor,Marketing,5.0711773463084455,Good,71893.08830312765,0
43,57742.67430672437,8.373489497106604,Bachelor,HR,2.524801618839223,Good,71994.71702104203,0
32,40377.77607165572,3.4791851013043047,High School,Sales,6.731393178559175,Average,56060.453307381795,0
35,56478.83817010911,13.0,PhD,Sales,9.772928590783717,Good,103796.43928600635,1
37,62006.14287841524,14.065576221014291,High School,Marketing,,Average,91223.33500808582,0
22,61314.36994720361,0.0,High School,HR,1.540073733301106,Excellent,79807.48039078484,1
32,67833.70057211965,8.288147445134978,High School,Marketing,4.386064405250719,Good,78523.86337513356,0
28,60624.55770801596,6.0,Bachelor,Marketing,9.330247082712447,Good,77269.58675653709,1
24,55271.72311312374,2.0,High School,Engineering,5.527393728013193,Good,72570.90343327158,0
32,66052.25357474641,8.30992207407545,Master,Engineering,6.959006432273613,Average,81435.39578777153,0
52,49602.1811112641,9.031010160571002,High School,HR,9.213394110322515,Good,55769.22122863998,1
41,36771.88023158423,3.0329576980735027,Bachelor,Finance,8.864152213778926,Good,46188.04398680886,1
29,47553.99554084354,7.0,High School,Engineering,5.516383379864599,Good,71154.40543605297,0
40,38826.46032790326,7.378963804701005,High School,Finance,4.938816723918419,Good,45655.15973537603,0
